catagory,date_time,duration,distance_in_km,pickup_by_postcode,dropoff_by_postcode,fare_euro,service_fee_euro,tax,earnings_euro,third_parties,tip,promotion,hour,day_name
Saver,2023-12-01 14:28:00,0:44:42,17.02,1181,1054,33.93,6.45,1.35,26.13,0.0,0.0,0.0,14,Friday
UberX,2023-12-01 15:23:00,0:25:17,7.49,1071,1019,19.31,4.83,1.01,13.47,0.0,0.0,0.0,15,Friday
Saver,2023-12-01 15:56:00,0:12:16,3.45,1019,1093,10.09,1.92,0.4,8.77,0.0,1.0,0.0,15,Friday
UberX,2023-12-01 16:15:00,0:23:12,15.37,1098,1056,32.58,8.15,1.71,22.72,0.0,0.0,0.0,16,Friday
Saver,2023-12-01 16:47:00,0:10:19,2.76,1056,1013,8.77,1.67,0.35,6.75,0.0,0.0,0.0,16,Friday
UberX,2023-12-01 17:02:00,0:10:47,2.44,1012,1016,11.87,2.97,0.62,9.28,0.0,1.0,0.0,17,Friday
UberX,2023-12-01 17:12:00,0:10:02,2.46,1016,1017,14.63,3.66,0.77,10.2,0.0,0.0,0.0,17,Friday
UberX,2023-12-01 17:23:00,0:00:00,0.0,1071,1071,9.5,2.38,0.5,6.62,0.0,0.0,0.0,17,Friday
Priority,2023-12-01 17:33:00,0:18:53,5.04,1072,1013,20.42,5.11,1.07,14.24,0.0,0.0,0.0,17,Friday
UberX,2023-12-01 17:50:00,0:17:01,8.21,1013,1031,23.27,5.82,1.22,16.23,0.0,0.0,0.0,17,Friday
UberX,2023-12-01 18:34:00,0:11:42,2.53,1032,1021,9.5,2.38,0.5,8.62,0.0,2.0,0.0,18,Friday
UberX,2023-12-01 19:43:00,0:17:50,16.89,1021,1101,37.54,9.39,1.97,26.18,0.0,0.0,0.0,19,Friday
UberX,2023-12-01 20:09:00,0:07:38,4.25,1096,1101,14.33,3.58,0.75,13.0,0.0,0.0,3.0,20,Friday
Saver,2023-12-01 20:36:00,0:21:01,11.15,1102,1017,22.02,4.18,0.88,16.96,0.0,0.0,0.0,20,Friday
Saver,2023-12-01 21:00:00,0:15:56,4.45,1016,1078,12.59,2.39,0.5,13.7,0.0,1.0,3.0,21,Friday
UberX,2023-12-01 21:29:00,0:16:26,6.14,1078,1013,17.3,4.33,0.91,17.06,0.0,2.0,3.0,21,Friday
UberX,2023-12-01 21:47:00,0:09:55,6.02,1013,1019,19.58,4.9,1.03,16.65,0.0,0.0,3.0,21,Friday
Saver,2023-12-01 21:56:00,0:14:15,6.45,1019,1079,14.58,2.77,0.58,14.23,0.0,0.0,3.0,21,Friday
UberX,2023-12-01 22:30:00,0:05:38,3.19,1079,1077,10.33,2.58,0.54,7.21,0.0,0.0,0.0,22,Friday
UberX,2023-12-01 22:38:00,0:06:31,3.3,1077,1062,11.41,2.85,0.6,7.96,0.0,0.0,0.0,22,Friday
UberX,2023-12-01 22:59:00,0:09:31,4.37,1059,1078,13.21,3.3,0.69,9.22,0.0,0.0,0.0,22,Friday
UberX,2023-12-01 23:11:00,0:14:54,4.88,1078,1016,14.35,3.59,0.75,10.01,0.0,0.0,0.0,23,Friday
UberX,2023-12-01 23:28:00,0:12:05,3.8,1017,1012,15.3,3.83,0.8,10.67,0.0,0.0,0.0,23,Friday
UberX,2023-12-01 23:47:00,0:13:42,4.14,1012,1017,14.08,3.52,0.74,10.82,0.0,1.0,0.0,23,Friday
UberX,2023-12-02 00:06:00,0:08:05,2.67,1072,1091,9.92,2.48,0.52,11.92,0.0,0.0,5.0,0,Saturday
UberX,2023-12-02 00:22:00,0:12:55,4.43,1091,1053,13.82,3.46,0.73,14.63,0.0,0.0,5.0,0,Saturday
UberX,2023-12-02 00:40:00,0:06:59,1.87,1053,1017,11.29,2.82,0.59,12.88,0.0,0.0,5.0,0,Saturday
UberX,2023-12-02 00:51:00,0:00:00,0.0,1071,1071,9.5,2.38,0.5,6.62,0.0,0.0,0.0,0,Saturday
UberX,2023-12-02 00:59:00,0:11:59,7.37,1071,1043,17.64,4.41,0.93,17.3,0.0,0.0,5.0,0,Saturday
UberX,2023-12-02 01:09:00,0:23:33,13.24,1013,1017,28.38,7.1,1.49,24.79,0.0,0.0,5.0,1,Saturday
UberX,2023-12-02 01:10:00,0:05:54,3.55,1043,1013,10.71,2.68,0.56,14.47,0.0,2.0,5.0,1,Saturday
UberX,2023-12-02 01:39:00,0:07:32,3.23,1017,1078,13.24,3.31,0.7,14.23,0.0,0.0,5.0,1,Saturday
UberX,2023-12-02 01:57:00,0:07:45,3.03,1072,1097,11.88,2.97,0.62,13.29,0.0,0.0,5.0,1,Saturday
UberX,2023-12-02 02:28:00,0:11:10,4.38,1018,1066,12.93,3.23,0.68,14.02,0.0,0.0,5.0,2,Saturday
UberX,2023-12-02 02:47:00,0:13:49,5.3,1052,1097,15.44,3.86,0.81,15.77,0.0,0.0,5.0,2,Saturday
Saver,2023-12-02 15:32:00,0:13:45,8.26,1185,1082,1082.0,1082.0,0.78,15.01,0.0,0.0,0.0,15,Saturday
Saver,2023-12-02 15:49:00,0:17:38,6.0,1076,1018,15.09,2.87,0.6,11.62,0.0,0.0,0.0,15,Saturday
UberX,2023-12-02 16:06:00,0:15:18,4.44,1018,1013,16.08,4.02,0.84,11.22,0.0,0.0,0.0,16,Saturday
UberX,2023-12-02 16:29:00,0:10:02,2.65,1013,1017,10.96,2.74,0.58,7.64,0.0,0.0,0.0,16,Saturday
UberX,2023-12-02 16:33:00,0:18:33,4.07,1072,1012,16.46,4.12,0.87,11.47,0.0,0.0,0.0,16,Saturday
UberX,2023-12-02 17:02:00,0:18:39,4.45,1012,1017,18.6,4.65,0.98,12.97,0.0,0.0,0.0,17,Saturday
UberX,2023-12-02 17:32:00,0:20:40,4.1,1072,1072,20.76,5.19,1.09,15.48,0.0,1.0,68.0,17,Saturday
UberX,2023-12-02 18:03:00,0:16:44,11.9,1011,1101,27.93,6.98,1.47,19.48,0.0,0.0,0.0,18,Saturday
UberX,2023-12-02 19:18:00,0:08:26,3.2,1101,1102,10.78,2.7,0.57,7.51,0.0,0.0,0.0,19,Saturday
Saver,2023-12-02 19:37:00,0:17:44,10.13,1102,1017,19.4,3.69,0.77,14.94,0.0,0.0,0.0,19,Saturday
UberX,2023-12-02 19:54:00,0:09:44,3.46,1071,1017,11.94,2.99,0.63,8.32,0.0,0.0,0.0,19,Saturday
UberX,2023-12-02 20:07:00,0:19:11,5.94,1074,1053,15.42,3.86,0.81,13.75,0.0,0.0,3.0,20,Saturday
UberX,2023-12-02 20:34:00,0:09:01,2.77,1052,1017,10.32,2.58,0.54,10.2,0.0,0.0,3.0,20,Saturday
UberX,2023-12-02 20:51:00,0:18:35,12.27,1017,1183,32.92,8.23,1.73,25.96,0.0,0.0,3.0,20,Saturday
Saver,2023-12-02 21:17:00,0:15:54,11.46,1181,1098,20.19,3.84,0.81,15.54,0.0,0.0,0.0,21,Saturday
UberX,2023-12-02 21:41:00,0:00:00,0.0,1098,1098,9.5,2.38,0.5,6.62,0.0,0.0,0.0,21,Saturday
Saver,2023-12-02 21:57:00,0:18:05,8.33,1098,1051,18.42,3.5,0.74,17.18,0.0,0.0,3.0,21,Saturday
UberX,2023-12-02 22:18:00,0:06:33,2.32,1051,1016,9.74,2.44,0.51,6.79,0.0,0.0,0.0,22,Saturday
UberX,2023-12-02 22:25:00,0:10:20,4.09,1015,1071,13.95,3.49,0.73,9.73,0.0,0.0,0.0,22,Saturday
Priority,2023-12-02 22:58:00,0:09:07,3.26,1071,1073,15.28,3.82,0.8,15.66,0.0,5.0,0.0,22,Saturday
UberX,2023-12-02 23:10:00,0:08:56,3.58,1018,1078,12.48,3.12,0.66,8.7,0.0,0.0,0.0,23,Saturday
UberX,2023-12-02 23:28:00,0:09:12,3.66,1078,1091,11.67,2.92,0.61,8.14,0.0,0.0,0.0,23,Saturday
UberX,2023-12-02 23:36:00,0:09:26,3.99,1018,1017,12.5,3.13,0.66,8.71,0.0,0.0,0.0,23,Saturday
UberX,2023-12-02 23:51:00,0:09:56,3.99,1016,1055,13.15,3.29,0.69,9.17,0.0,0.0,0.0,23,Saturday
UberX,2023-12-03 00:25:00,0:13:24,6.02,1053,1094,16.87,4.22,0.89,16.76,0.0,0.0,5.0,0,Sunday
UberX,2023-12-03 00:36:00,0:13:40,6.7,1094,1112,16.04,4.01,0.84,16.19,0.0,0.0,5.0,0,Sunday
UberX,2023-12-03 00:44:00,0:11:46,8.18,1099,1018,32.47,8.12,1.71,29.64,1.71,2.0,5.0,0,Sunday
UberX,2023-12-03 01:08:00,0:13:54,5.21,1018,1056,26.72,6.68,1.4,23.64,0.0,0.0,5.0,1,Sunday
UberX,2023-12-03 01:29:00,0:20:51,9.74,1056,1098,24.12,6.03,1.27,21.82,0.0,0.0,5.0,1,Sunday
UberX,2023-12-03 02:06:00,0:14:39,13.56,1098,1181,26.99,6.75,1.42,23.82,0.0,0.0,41.0,2,Sunday
Saver,2023-12-04 14:13:00,0:18:11,11.73,1186,1065,20.22,3.84,0.81,15.57,0.0,0.0,0.0,14,Monday
UberX,2023-12-04 14:34:00,0:06:44,2.62,1058,1066,9.13,2.28,0.48,6.37,0.0,0.0,0.0,14,Monday
UberX,2023-12-04 15:10:00,0:05:58,2.36,1066,1062,9.0,2.25,0.47,6.28,0.0,0.0,0.0,15,Monday
UberX,2023-12-04 15:28:00,0:14:00,3.94,1056,1076,13.33,3.33,0.7,9.3,0.0,0.0,0.0,15,Monday
UberX,2023-12-04 16:07:00,0:15:03,4.58,1077,1016,14.32,3.58,0.75,9.99,0.0,0.0,0.0,16,Monday
UberX,2023-12-04 16:29:00,0:10:08,2.5,1016,1074,9.92,2.48,0.52,6.92,0.0,0.0,0.0,16,Monday
UberX,2023-12-04 16:46:00,0:13:17,4.2,1097,1054,12.99,3.25,0.68,9.06,0.0,0.0,0.0,16,Monday
UberX,2023-12-04 17:14:00,0:08:55,2.44,1054,1017,9.12,2.28,0.48,11.36,0.0,0.0,5.0,17,Monday
UberX,2023-12-04 17:28:00,0:15:20,4.97,1017,1077,14.49,3.62,0.76,15.11,0.0,0.0,5.0,17,Monday
UberX,2023-12-04 17:41:00,0:14:56,3.1,1076,1054,12.55,3.14,0.66,13.75,0.0,0.0,5.0,17,Monday
UberX,2023-12-04 18:07:00,0:12:36,4.36,1053,1013,12.3,3.08,0.65,13.57,0.0,0.0,5.0,18,Monday
UberX,2023-12-04 18:18:00,0:18:54,5.57,1013,1017,14.48,3.62,0.76,15.1,0.0,0.0,5.0,18,Monday
UberX,2023-12-04 18:44:00,0:14:41,4.92,1017,1076,14.06,3.52,0.74,17.8,0.0,3.0,5.0,18,Monday
UberX,2023-12-05 08:06:00,0:21:06,9.54,1187,1082,21.13,5.28,1.11,14.74,0.0,0.0,0.0,8,Tuesday
UberX,2023-12-05 08:44:00,0:12:50,3.14,1076,1071,9.72,2.43,0.51,11.78,0.0,0.0,5.0,8,Tuesday
UberX,2023-12-05 09:07:00,0:20:11,8.2,1054,1183,19.43,4.86,1.02,13.55,0.0,0.0,0.0,9,Tuesday
UberX,2023-12-05 09:49:00,0:08:01,3.41,1082,1076,10.04,2.51,0.53,7.0,0.0,0.0,0.0,9,Tuesday
Saver,2023-12-05 10:42:00,0:18:33,4.96,1077,1011,11.52,2.19,0.46,8.87,0.0,0.0,0.0,10,Tuesday
UberX,2023-12-05 11:11:00,0:10:38,2.98,1018,1071,12.22,3.06,0.64,8.52,0.0,0.0,0.0,11,Tuesday
UberX,2023-12-05 11:24:00,0:16:02,4.36,1072,1012,16.78,4.2,0.88,13.7,0.0,2.0,0.0,11,Tuesday
UberX,2023-12-05 11:50:00,0:09:17,3.33,1011,1072,10.25,2.56,0.54,7.15,0.0,0.0,0.0,11,Tuesday
UberX,2023-12-05 12:05:00,0:09:03,2.5,1017,1017,9.0,2.25,0.47,6.28,0.0,0.0,0.0,12,Tuesday
Saver,2023-12-05 12:22:00,0:11:22,3.95,1016,1012,12.43,2.36,0.5,9.57,0.0,0.0,0.0,12,Tuesday
UberX,2023-12-05 12:42:00,0:20:14,5.44,1013,1071,16.72,4.18,0.88,12.66,0.0,1.0,0.0,12,Tuesday
Saver,2023-12-05 14:20:00,0:03:53,1.22,1082,1082,8.0,1.52,0.32,6.16,0.0,0.0,0.0,14,Tuesday
Saver,2023-12-05 14:35:00,0:11:08,7.3,1083,1101,12.88,2.45,0.51,14.92,0.0,5.0,0.0,14,Tuesday
UberX,2023-12-05 15:12:00,0:21:04,10.37,1101,1012,23.86,5.97,1.25,16.64,0.0,0.0,0.0,15,Tuesday
Saver,2023-12-05 15:54:00,0:13:02,7.17,1019,1096,17.12,3.25,0.68,13.19,0.0,0.0,0.0,15,Tuesday
Saver,2023-12-05 16:42:00,0:18:21,6.17,1096,1076,15.0,2.85,0.6,11.55,0.0,0.0,0.0,16,Tuesday
UberX,2023-12-05 17:09:00,0:20:37,10.8,1076,1013,24.39,6.1,1.28,22.01,0.0,0.0,5.0,17,Tuesday
UberX,2023-12-05 17:32:00,0:20:13,7.77,1013,1054,15.36,3.84,0.81,15.71,0.0,0.0,5.0,17,Tuesday
UberX,2023-12-05 18:10:00,0:10:52,3.59,1071,1018,12.39,3.1,0.65,13.64,0.0,0.0,5.0,18,Tuesday
UberX,2023-12-05 18:24:00,0:08:18,2.11,1018,1072,9.08,2.27,0.48,11.33,0.0,0.0,5.0,18,Tuesday
UberX,2023-12-06 08:26:00,0:26:05,11.84,1188,1074,25.42,6.36,1.34,17.72,0.0,0.0,0.0,8,Wednesday
UberX,2023-12-06 08:56:00,0:11:58,9.56,1074,1186,19.64,4.91,1.03,18.7,0.0,0.0,5.0,8,Wednesday
UberX,2023-12-06 09:18:00,0:11:56,5.65,1181,1083,13.7,3.43,0.72,9.55,0.0,0.0,0.0,9,Wednesday
UberX,2023-12-06 09:49:00,0:08:29,6.66,1083,1101,14.86,3.72,0.78,10.36,0.0,0.0,0.0,9,Wednesday
Saver,2023-12-06 10:28:00,0:16:13,16.98,1107,1061,24.52,4.66,0.98,18.88,0.0,0.0,0.0,10,Wednesday
UberX,2023-12-06 10:55:00,0:08:44,5.01,1061,1013,12.52,3.13,0.66,8.73,0.0,0.0,0.0,10,Wednesday
UberX,2023-12-06 11:11:00,0:07:07,3.19,1013,1051,9.69,2.42,0.51,6.76,0.0,0.0,0.0,11,Wednesday
UberX,2023-12-06 11:25:00,0:00:00,0.0,1051,1051,9.0,2.25,0.47,6.28,0.0,0.0,0.0,11,Wednesday
UberX,2023-12-06 12:35:00,0:14:38,2.93,1051,1012,9.46,2.37,0.5,6.59,0.0,0.0,0.0,12,Wednesday
UberX,2023-12-06 12:50:00,0:21:09,12.94,1016,1106,26.63,6.66,1.4,18.57,0.0,0.0,0.0,12,Wednesday
Saver,2023-12-06 14:18:00,0:22:56,20.08,1107,1055,30.19,5.74,1.21,23.24,0.0,0.0,0.0,14,Wednesday
Saver,2023-12-06 15:02:00,0:22:05,5.21,1055,1072,11.69,2.22,0.47,9.0,0.0,0.0,0.0,15,Wednesday
UberX,2023-12-06 15:51:00,0:16:27,4.88,1017,1018,13.7,3.43,0.72,9.55,0.0,0.0,0.0,15,Wednesday
UberX,2023-12-06 16:26:00,0:26:00,3.82,1018,1013,13.93,3.48,0.73,9.72,0.0,0.0,0.0,16,Wednesday
UberX,2023-12-06 17:10:00,0:16:37,5.1,1012,1018,14.28,3.57,0.75,15.96,0.0,1.0,5.0,17,Wednesday
UberX,2023-12-06 17:41:00,0:22:20,3.08,1018,1019,11.13,2.78,0.58,12.77,0.0,0.0,5.0,17,Wednesday
Saver,2023-12-06 18:24:00,0:14:13,5.24,1018,1012,11.46,2.18,0.46,13.82,0.0,0.0,5.0,18,Wednesday
UberX,2023-12-06 18:52:00,0:17:23,7.45,1016,1066,19.65,4.91,1.03,19.71,0.0,1.0,5.0,18,Wednesday
UberX,2023-12-06 19:16:00,0:08:57,3.67,1059,1081,11.82,2.96,0.62,10.24,0.0,2.0,0.0,19,Wednesday
UberX,2023-12-07 08:18:00,0:28:57,9.38,1181,1017,22.75,5.69,1.19,15.87,0.0,0.0,0.0,8,Thursday
UberX,2023-12-07 09:05:00,0:14:27,5.12,1071,1018,13.48,3.37,0.71,10.4,0.0,1.0,0.0,9,Thursday
UberX,2023-12-07 09:36:00,0:17:38,8.45,1019,1034,19.59,4.9,1.03,13.66,0.0,0.0,0.0,9,Thursday
Saver,2023-12-07 10:27:00,0:13:33,6.91,1032,1012,13.32,2.53,0.53,10.26,0.0,0.0,0.0,10,Thursday
UberX,2023-12-07 10:46:00,0:08:54,2.97,1019,1016,9.02,2.26,0.47,7.29,0.0,1.0,0.0,10,Thursday
UberX,2023-12-07 11:05:00,0:14:16,3.08,1012,1012,9.42,2.36,0.5,8.56,0.0,2.0,0.0,11,Thursday
UberX,2023-12-07 11:26:00,0:00:00,0.0,1013,1013,9.0,2.25,0.47,6.28,0.0,0.0,0.0,11,Thursday
UberX,2023-12-07 11:37:00,0:15:07,5.33,1013,1011,11.81,2.95,0.62,8.24,0.0,0.0,0.0,11,Thursday
Saver,2023-12-07 12:16:00,0:23:45,11.01,1094,1043,18.51,3.52,0.74,14.25,0.0,0.0,0.0,12,Thursday
UberX,2023-12-07 12:47:00,0:15:00,5.93,1043,1013,15.11,3.78,0.79,10.54,0.0,0.0,0.0,12,Thursday
UberX,2023-12-07 13:08:00,0:16:26,3.32,1013,1017,11.82,2.96,0.62,9.24,0.0,1.0,0.0,13,Thursday
UberX,2023-12-07 14:26:00,0:13:18,3.73,1017,1057,13.43,3.36,0.71,9.36,0.0,0.0,0.0,14,Thursday
Saver,2023-12-07 14:53:00,0:19:44,5.02,1071,1018,12.03,2.29,0.48,9.26,0.0,0.0,0.0,14,Thursday
UberX,2023-12-07 15:26:00,0:14:01,4.32,1094,1071,14.28,3.57,0.75,9.96,0.0,0.0,0.0,15,Thursday
UberX,2023-12-07 15:44:00,0:15:50,3.62,1071,1011,11.58,2.9,0.61,8.07,0.0,0.0,0.0,15,Thursday
UberX,2023-12-07 16:16:00,0:15:28,3.1,1011,1019,10.49,2.62,0.55,7.32,0.0,0.0,0.0,16,Thursday
UberX,2023-12-07 16:40:00,0:06:38,2.95,1019,1012,10.36,2.59,0.54,7.23,0.0,0.0,0.0,16,Thursday
UberX,2023-12-07 17:00:00,0:18:54,3.03,1015,1071,14.04,3.51,0.74,14.79,0.0,0.0,5.0,17,Thursday
UberX,2023-12-07 17:24:00,0:42:13,9.15,1076,1012,24.65,6.16,1.29,22.2,0.0,0.0,5.0,17,Thursday
Priority,2023-12-07 18:13:00,0:18:04,9.0,1011,1061,26.62,6.66,1.4,23.56,0.0,0.0,5.0,18,Thursday
UberX,2023-12-07 18:39:00,0:10:00,5.27,1059,1081,12.99,3.25,0.68,14.06,0.0,0.0,5.0,18,Thursday
Saver,2023-12-08 15:32:00,0:17:32,10.6,1187,1083,21.05,4.0,0.84,16.21,0.0,0.0,0.0,15,Friday
Saver,2023-12-08 16:23:00,0:24:34,16.29,1073,1118,26.95,5.12,1.08,25.75,0.0,0.0,5.0,16,Friday
UberX,2023-12-08 16:56:00,0:22:12,16.81,1118,1052,33.36,8.26,2.45,22.65,5.9,0.0,0.0,16,Friday
Saver,2023-12-08 17:33:00,0:28:41,7.58,1013,1095,18.5,3.52,0.74,19.24,0.0,0.0,5.0,17,Friday
UberX,2023-12-08 18:09:00,0:13:22,4.1,1095,1072,15.01,3.75,0.79,15.47,0.0,0.0,5.0,18,Friday
Saver,2023-12-08 18:35:00,0:25:41,11.11,1073,1067,29.18,5.54,1.16,29.48,0.0,2.0,5.0,18,Friday
Saver,2023-12-08 19:13:00,0:25:37,9.2,1067,1012,16.97,3.22,0.68,13.07,0.0,0.0,0.0,19,Friday
UberX,2023-12-08 19:48:00,0:13:01,3.56,1012,1072,14.0,3.5,0.74,14.76,0.0,0.0,5.0,19,Friday
UberX,2023-12-08 20:13:00,0:29:19,11.73,1073,1067,29.54,7.39,1.55,20.6,0.0,0.0,0.0,20,Friday
UberX,2023-12-08 20:47:00,0:20:59,9.55,1067,1016,22.32,5.58,1.17,15.57,0.0,0.0,0.0,20,Friday
UberX,2023-12-08 22:21:00,0:08:24,2.02,1072,1017,10.88,2.72,0.57,7.59,0.0,0.0,0.0,22,Friday
UberX,2023-12-08 22:35:00,0:12:43,4.24,1017,1058,26.97,6.74,1.42,18.81,0.0,0.0,0.0,22,Friday
Saver,2023-12-08 23:02:00,0:13:34,7.27,1075,1185,15.67,2.98,0.63,14.06,0.0,2.0,0.0,23,Friday
Saver,2023-12-09 00:03:00,0:14:01,4.74,1076,1053,10.96,2.08,0.44,13.44,0.0,0.0,5.0,0,Saturday
Saver,2023-12-09 00:25:00,0:12:47,4.61,1016,1093,12.58,2.39,0.5,14.69,0.0,0.0,5.0,0,Saturday
UberX,2023-12-09 00:47:00,0:10:00,5.19,1093,1012,12.56,3.14,0.66,13.76,0.0,0.0,5.0,0,Saturday
UberX,2023-12-09 00:51:00,0:14:25,5.71,1019,1017,15.09,3.77,0.79,15.53,0.0,0.0,5.0,0,Saturday
UberX,2023-12-09 01:05:00,0:13:39,5.45,1017,1098,16.09,4.02,0.84,16.23,0.0,0.0,5.0,1,Saturday
Saver,2023-12-09 01:31:00,0:11:50,5.71,1092,1075,12.97,2.46,0.52,14.99,0.0,0.0,5.0,1,Saturday
Saver,2023-12-09 01:59:00,0:25:55,18.1,1075,1079,28.05,5.33,1.12,26.6,0.0,0.0,5.0,1,Saturday
Saver,2023-12-09 02:48:00,0:08:32,3.68,1072,1082,10.14,1.93,0.41,14.8,0.0,2.0,5.0,2,Saturday
Saver,2023-12-09 03:07:00,0:06:33,2.94,1079,1074,8.5,1.62,0.34,11.54,0.0,0.0,5.0,3,Saturday
UberX,2023-12-09 03:18:00,0:09:33,2.89,1072,1054,10.61,2.65,0.56,12.4,0.0,0.0,5.0,3,Saturday
Saver,2023-12-09 03:34:00,0:17:07,8.38,1016,1183,16.59,3.15,0.66,17.78,0.0,0.0,5.0,3,Saturday
Saver,2023-12-09 15:51:00,0:12:37,8.44,1432,1082,16.08,3.06,0.64,13.8,0.0,1.42,0.0,15,Saturday
Saver,2023-12-09 16:04:00,0:14:51,8.03,1183,1066,17.32,3.29,0.69,13.34,0.0,0.0,0.0,16,Saturday
UberX,2023-12-09 16:32:00,0:00:00,0.0,1075,1075,9.5,2.38,0.5,6.62,0.0,0.0,0.0,16,Saturday
UberX,2023-12-09 16:38:00,0:21:15,7.51,1062,1016,20.21,5.05,1.06,19.1,0.0,0.0,5.0,16,Saturday
UberX,2023-12-09 17:04:00,0:20:59,4.08,1016,1073,16.78,4.2,0.88,16.7,0.0,0.0,5.0,17,Saturday
UberX,2023-12-09 17:23:00,0:14:01,3.23,1073,1017,12.96,3.24,0.68,14.04,0.0,0.0,5.0,17,Saturday
UberX,2023-12-09 17:44:00,0:10:07,3.24,1071,1082,17.99,4.5,0.95,17.54,0.0,0.0,5.0,17,Saturday
UberX,2023-12-09 18:03:00,0:05:32,1.66,1077,1071,11.97,2.99,0.63,13.35,0.0,0.0,5.0,18,Saturday
UberX,2023-12-09 18:18:00,0:09:18,1.62,1075,1054,9.5,2.38,0.5,11.62,0.0,0.0,5.0,18,Saturday
UberX,2023-12-09 18:27:00,0:19:22,6.08,1054,1018,18.62,4.66,0.98,17.98,0.0,0.0,5.0,18,Saturday
UberX,2023-12-09 19:06:00,0:15:16,5.33,1019,1016,18.01,4.5,0.95,22.56,0.0,5.0,5.0,19,Saturday
UberX,2023-12-09 19:31:00,0:20:47,6.7,1012,1097,17.2,4.3,0.9,17.0,0.0,0.0,5.0,19,Saturday
UberX,2023-12-09 20:00:00,0:19:17,6.48,1097,1054,18.79,4.7,0.99,13.1,0.0,0.0,0.0,20,Saturday
UberX,2023-12-09 21:30:00,0:08:36,5.54,1058,1051,13.0,3.25,0.68,11.07,0.0,2.0,0.0,21,Saturday
UberX,2023-12-09 21:47:00,0:15:22,6.52,1051,1012,18.28,4.57,0.96,12.75,0.0,0.0,0.0,21,Saturday
UberX,2023-12-09 22:05:00,0:33:52,8.02,1012,1053,25.57,6.39,1.34,17.84,0.0,0.0,0.0,22,Saturday
UberX,2023-12-09 22:49:00,0:09:14,2.69,1053,1053,10.74,2.69,0.56,7.49,0.0,0.0,0.0,22,Saturday
UberX,2023-12-09 23:00:00,0:05:59,1.89,1012,1017,12.83,3.21,0.67,8.95,0.0,0.0,0.0,23,Saturday
UberX,2023-12-09 23:14:00,0:17:04,10.15,1017,1111,22.54,5.64,1.18,15.72,0.0,0.0,0.0,23,Saturday
Saver,2023-12-09 23:46:00,0:13:10,7.92,1111,1093,13.72,2.61,0.55,10.56,0.0,0.0,0.0,23,Saturday
Saver,2023-12-10 00:02:00,0:21:19,6.72,1093,1057,16.27,3.09,0.65,17.53,0.0,0.0,5.0,0,Sunday
UberX,2023-12-10 00:28:00,0:08:41,3.2,1057,1058,11.53,2.88,0.6,13.05,0.0,0.0,5.0,0,Sunday
UberX,2023-12-10 00:41:00,0:09:02,3.03,1058,1057,11.75,2.94,0.62,13.19,0.0,0.0,5.0,0,Sunday
UberX,2023-12-10 00:52:00,0:00:00,0.0,1052,1052,9.5,2.38,0.5,6.62,0.0,0.0,0.0,0,Sunday
UberX,2023-12-10 00:58:00,0:11:20,6.45,1015,1043,15.4,3.85,0.81,15.74,0.0,0.0,5.0,0,Sunday
UberX,2023-12-10 01:08:00,0:00:00,0.0,1053,1053,9.5,2.38,0.5,6.62,0.0,0.0,0.0,1,Sunday
UberX,2023-12-10 01:14:00,0:05:56,3.75,1043,1056,11.27,2.82,0.59,12.86,0.0,0.0,5.0,1,Sunday
UberX,2023-12-10 01:36:00,0:11:45,5.44,1015,1058,15.8,3.95,0.83,16.02,0.0,0.0,5.0,1,Sunday
UberX,2023-12-10 02:02:00,0:12:29,4.81,1058,1017,14.3,3.58,0.75,14.97,0.0,0.0,5.0,2,Sunday
UberX,2023-12-10 02:10:00,0:06:20,2.07,1017,1074,9.5,2.38,0.5,11.62,0.0,0.0,5.0,2,Sunday
UberX,2023-12-10 02:22:00,0:07:22,2.82,1017,1054,9.82,2.46,0.52,11.84,0.0,0.0,5.0,2,Sunday
Saver,2023-12-10 02:37:00,0:05:37,3.47,1054,1061,8.63,1.64,0.34,11.65,0.0,0.0,5.0,2,Sunday
UberX,2023-12-10 02:52:00,0:00:00,0.0,1056,1056,9.5,2.38,0.5,6.62,0.0,0.0,0.0,2,Sunday
Saver,2023-12-10 02:56:00,0:08:53,4.85,1057,1065,11.15,2.12,0.45,13.58,0.0,0.0,5.0,2,Sunday
Saver,2023-12-10 03:19:00,0:07:48,7.07,1059,1063,13.2,2.51,0.53,15.16,0.0,0.0,5.0,3,Sunday
Saver,2023-12-10 03:35:00,0:13:46,13.34,1043,1083,21.88,4.16,0.87,16.85,0.0,0.0,0.0,3,Sunday
Priority,2023-12-10 14:16:00,0:32:55,12.72,1186,1016,35.37,8.84,1.86,25.67,0.0,0.0,1.0,14,Sunday
UberX,2023-12-10 14:52:00,0:17:30,7.57,1015,1066,21.96,5.49,1.15,15.32,0.0,0.0,0.0,14,Sunday
Saver,2023-12-10 15:14:00,0:14:13,11.36,1062,1096,19.43,3.69,0.77,14.97,0.0,0.0,0.0,15,Sunday
UberX,2023-12-10 15:23:00,0:10:00,5.01,1096,1072,14.47,3.62,0.76,11.09,0.0,1.0,0.0,15,Sunday
Saver,2023-12-10 15:42:00,0:20:32,7.17,1072,1183,16.75,3.18,0.67,12.9,0.0,0.0,0.0,15,Sunday
Saver,2023-12-10 16:04:00,0:20:35,8.21,1185,1017,19.19,3.65,0.77,16.77,0.0,2.0,0.0,16,Sunday
UberX,2023-12-10 16:37:00,0:24:49,8.59,1071,1012,20.2,5.05,1.06,14.09,0.0,0.0,0.0,16,Sunday
UberX,2023-12-10 16:57:00,0:17:34,3.43,1015,1071,19.67,4.92,1.03,13.72,0.0,0.0,0.0,16,Sunday
UberX,2023-12-10 17:23:00,0:08:27,2.3,1071,1078,9.5,2.38,0.5,6.62,0.0,0.0,190.0,17,Sunday
Saver,2023-12-12 07:43:00,0:16:42,9.9,1186,1112,18.32,3.48,0.73,14.11,0.0,0.0,0.0,7,Tuesday
UberX,2023-12-12 07:57:00,0:05:22,1.74,1102,1102,14.4,3.6,0.76,10.04,0.0,0.0,0.0,7,Tuesday
UberX,2023-12-12 08:15:00,0:33:49,20.73,1107,1042,37.93,9.48,1.99,26.46,0.0,0.0,0.0,8,Tuesday
UberX,2023-12-12 08:56:00,0:33:42,3.59,1043,1013,11.8,2.95,0.62,8.23,0.0,0.0,0.0,8,Tuesday
UberX,2023-12-12 09:44:00,0:16:31,6.37,1013,1057,16.3,4.08,0.86,11.36,0.0,0.0,0.0,9,Tuesday
UberX,2023-12-12 10:12:00,0:18:17,6.34,1054,1011,15.87,3.97,0.83,11.07,0.0,0.0,0.0,10,Tuesday
UberX,2023-12-12 10:38:00,0:21:50,7.6,1012,1072,18.82,4.71,0.99,14.12,0.0,1.0,0.0,10,Tuesday
UberX,2023-12-12 11:24:00,0:10:03,2.64,1072,1018,9.36,2.34,0.49,6.53,0.0,0.0,0.0,11,Tuesday
UberX,2023-12-12 11:42:00,0:16:24,4.2,1018,1071,12.12,3.03,0.64,8.45,0.0,0.0,0.0,11,Tuesday
Saver,2023-12-12 12:02:00,0:08:15,2.44,1077,1077,8.0,1.52,0.32,6.16,0.0,0.0,0.0,12,Tuesday
UberX,2023-12-12 14:28:00,0:17:39,5.2,1077,1016,15.22,3.81,0.8,10.61,0.0,0.0,0.0,14,Tuesday
UberX,2023-12-12 14:54:00,0:19:46,4.99,1016,1078,14.41,3.6,0.76,10.05,0.0,0.0,0.0,14,Tuesday
UberX,2023-12-12 15:15:00,0:22:12,4.61,1078,1017,12.84,3.21,0.67,8.96,0.0,0.0,0.0,15,Tuesday
UberX,2023-12-12 15:38:00,0:06:43,1.53,1016,1071,9.9,2.48,0.52,6.9,0.0,0.0,0.0,15,Tuesday
UberX,2023-12-12 15:53:00,0:26:50,4.85,1071,1011,15.42,3.86,0.81,10.75,0.0,0.0,0.0,15,Tuesday
UberX,2023-12-12 16:23:00,0:27:29,8.5,1012,1013,20.5,5.13,1.08,14.29,0.0,0.0,0.0,16,Tuesday
UberX,2023-12-12 16:56:00,0:13:21,3.61,1013,1012,11.53,2.88,0.6,8.05,0.0,0.0,0.0,16,Tuesday
UberX,2023-12-12 17:21:00,0:35:10,5.39,1012,1096,17.35,4.34,0.91,12.1,0.0,0.0,0.0,17,Tuesday
UberX,2023-12-12 17:49:00,0:04:20,0.93,1096,1096,16.2,4.05,0.85,11.3,0.0,0.0,0.0,17,Tuesday
UberX,2023-12-12 17:59:00,0:15:37,15.54,1096,1185,26.61,6.65,1.4,20.56,0.0,2.0,0.0,17,Tuesday
Saver,2023-12-12 07:32:00,0:23:47,18.9,1185,1013,28.19,5.36,1.13,21.7,0.0,0.0,0.0,7,Tuesday
UberX,2023-12-12 08:03:00,0:06:59,2.96,1013,1012,9.21,2.3,0.48,6.43,0.0,0.0,0.0,8,Tuesday
Saver,2023-12-13 07:32:00,0:23:47,18.9,1185,1013,28.19,5.36,1.13,21.7,0.0,0.0,0.0,7,Wednesday
UberX,2023-12-13 08:03:00,0:06:59,2.96,1013,1012,9.21,2.3,0.48,6.43,0.0,0.0,0.0,8,Wednesday
UberX,2023-12-13 08:04:00,0:30:20,17.52,1012,1118,51.43,12.86,2.7,40.87,0.0,0.0,5.0,8,Wednesday
UberX,2023-12-13 09:52:00,0:20:03,15.62,1118,1015,28.54,7.06,2.2,19.28,5.65,0.0,0.0,9,Wednesday
Saver,2023-12-13 11:33:00,0:17:42,14.42,1054,1118,22.96,4.36,0.92,18.68,0.0,1.0,0.0,11,Wednesday
UberX,2023-12-13 11:58:00,0:11:12,11.11,1118,1076,20.39,5.02,1.77,13.6,5.22,0.0,0.0,11,Wednesday
UberX,2023-12-13 13:54:00,0:15:42,4.26,1053,1091,15.14,3.79,0.8,10.55,0.0,0.0,0.0,13,Wednesday
UberX,2023-12-13 14:12:00,0:12:23,8.0,1092,1102,17.8,4.45,0.93,12.42,0.0,0.0,0.0,14,Wednesday
Saver,2023-12-13 14:56:00,0:12:28,11.75,1112,1059,17.82,3.39,0.71,13.72,0.0,0.0,0.0,14,Wednesday
UberX,2023-12-13 15:14:00,0:11:18,5.36,1062,1043,14.59,3.65,0.77,10.17,0.0,0.0,0.0,15,Wednesday
UberX,2023-12-13 15:26:00,0:16:44,4.83,1055,1071,15.31,3.83,0.8,10.68,0.0,0.0,0.0,15,Wednesday
UberX,2023-12-13 15:52:00,0:14:42,4.78,1071,1181,13.75,3.44,0.72,9.59,0.0,0.0,0.0,15,Wednesday
UberX,2023-12-13 16:17:00,0:22:50,7.17,1181,1072,19.23,4.81,1.01,18.41,0.0,5.0,0.0,16,Wednesday
UberX,2023-12-13 16:47:00,0:12:49,3.55,1072,1018,10.69,2.67,0.56,8.46,0.0,1.0,0.0,16,Wednesday
UberX,2023-12-13 17:03:00,0:13:56,3.41,1018,1071,10.3,2.58,0.54,9.18,0.0,2.0,0.0,17,Wednesday
UberX,2023-12-13 17:15:00,0:18:35,5.1,1071,1062,15.39,3.85,0.81,10.73,0.0,0.0,0.0,17,Wednesday
UberX,2023-12-13 17:42:00,0:18:48,4.38,1058,1015,13.86,3.47,0.73,9.66,0.0,0.0,0.0,17,Wednesday
UberX,2023-12-13 18:02:00,0:08:40,2.33,1015,1017,9.9,2.48,0.52,7.9,0.0,1.0,0.0,18,Wednesday
UberX,2023-12-13 18:22:00,0:15:51,4.97,1017,1076,17.56,4.39,0.92,12.25,0.0,0.0,0.0,18,Wednesday
UberX,2023-12-13 18:41:00,0:10:19,4.84,1077,1181,13.63,3.41,0.72,14.5,0.0,5.0,40.0,18,Wednesday
Saver,2023-12-14 08:18:00,0:22:00,15.72,1188,1104,24.34,4.62,0.97,18.75,0.0,0.0,0.0,8,Thursday
UberX,2023-12-14 09:13:00,0:13:28,7.01,1077,1066,18.24,4.56,0.96,12.72,0.0,0.0,0.0,9,Thursday
UberX,2023-12-14 09:49:00,0:10:19,8.09,1066,1077,17.56,4.39,0.92,12.25,0.0,0.0,0.0,9,Thursday
UberX,2023-12-14 10:07:00,0:08:22,2.76,1077,1075,9.0,2.25,0.47,6.28,0.0,0.0,0.0,10,Thursday
UberX,2023-12-14 10:33:00,0:18:07,13.56,1075,1118,24.97,6.24,1.31,17.42,0.0,0.0,0.0,10,Thursday
UberX,2023-12-14 11:21:00,0:16:29,13.24,1118,1054,27.6,6.82,2.15,18.63,5.6,0.0,0.0,11,Thursday
Saver,2023-12-14 11:57:00,0:11:05,2.8,1054,1057,8.0,1.52,0.32,6.16,0.0,0.0,0.0,11,Thursday
UberX,2023-12-14 12:14:00,0:18:07,5.93,1057,1011,13.97,3.49,0.73,9.75,0.0,0.0,0.0,12,Thursday
UberX,2023-12-14 13:02:00,0:02:41,0.71,1012,1013,9.41,2.35,0.49,6.57,0.0,0.0,0.0,13,Thursday
UberX,2023-12-14 13:11:00,0:03:11,0.84,1012,1013,9.0,2.25,0.47,6.28,0.0,0.0,0.0,13,Thursday
UberX,2023-12-14 13:32:00,0:16:14,5.7,1012,1018,15.7,3.93,0.83,11.94,0.0,1.0,0.0,13,Thursday
Saver,2023-12-14 15:22:00,0:29:39,9.08,1031,1013,17.93,3.41,0.72,13.8,0.0,0.0,0.0,15,Thursday
UberX,2023-12-14 15:58:00,0:16:32,4.17,1015,1072,13.92,3.48,0.73,9.71,0.0,0.0,0.0,15,Thursday
UberX,2023-12-14 16:29:00,0:17:49,4.43,1077,1011,13.9,3.48,0.73,9.69,0.0,0.0,0.0,16,Thursday
UberX,2023-12-14 16:57:00,0:16:08,4.04,1011,1077,15.17,3.79,0.8,10.58,0.0,0.0,0.0,16,Thursday
UberX,2023-12-14 17:08:00,0:22:04,3.7,1077,1017,11.7,2.93,0.62,10.15,0.0,2.0,0.0,17,Thursday
UberX,2023-12-14 17:36:00,0:20:52,5.15,1017,1081,17.58,4.4,0.92,12.26,0.0,0.0,0.0,17,Thursday
UberX,2023-12-14 18:01:00,0:25:58,7.09,1082,1051,29.12,7.28,1.53,20.31,0.0,0.0,0.0,18,Thursday
UberX,2023-12-14 18:41:00,0:52:20,12.92,1012,1114,35.24,8.81,1.85,24.58,0.0,0.0,25.0,18,Thursday
UberX,2023-12-15 09:14:00,0:20:54,7.59,1182,1071,19.21,4.8,1.01,13.4,0.0,0.0,0.0,9,Friday
UberX,2023-12-15 09:43:00,0:14:29,4.24,1053,1076,13.99,3.5,0.74,9.75,0.0,0.0,0.0,9,Friday
Saver,2023-12-15 10:18:00,0:10:04,3.63,1082,1075,10.19,1.94,0.41,7.84,0.0,0.0,0.0,10,Friday
UberX,2023-12-15 10:38:00,0:07:38,2.57,1077,1072,10.3,2.58,0.54,7.18,0.0,0.0,0.0,10,Friday
UberX,2023-12-15 10:51:00,0:18:51,4.91,1017,1013,18.1,4.53,0.95,12.62,0.0,0.0,0.0,10,Friday
UberX,2023-12-15 11:08:00,0:22:09,14.84,1013,1079,30.67,7.67,1.61,21.39,0.0,0.0,0.0,11,Friday
UberX,2023-12-15 12:11:00,0:18:42,7.57,1082,1093,20.53,5.13,1.08,14.32,0.0,0.0,0.0,12,Friday
UberX,2023-12-15 12:33:00,0:09:48,3.51,1094,1011,13.2,3.3,0.69,9.21,0.0,0.0,0.0,12,Friday
UberX,2023-12-15 12:44:00,0:18:36,5.58,1012,1017,17.73,4.43,0.93,12.37,0.0,0.0,0.0,12,Friday
UberX,2023-12-15 13:07:00,0:16:12,7.1,1054,1043,19.1,4.78,1.0,13.32,0.0,0.0,0.0,13,Friday
UberX,2023-12-15 13:31:00,0:14:10,5.63,1043,1015,16.56,4.14,0.87,11.55,0.0,0.0,0.0,13,Friday
UberX,2023-12-15 13:59:00,0:09:00,3.32,1016,1012,14.96,3.74,0.79,10.43,0.0,0.0,0.0,13,Friday
UberX,2023-12-15 14:26:00,0:15:54,5.34,1012,1093,15.94,3.99,0.84,13.11,0.0,2.0,0.0,14,Friday
UberX,2023-12-15 14:49:00,0:06:42,1.88,1093,1018,9.5,2.38,0.5,6.62,0.0,0.0,0.0,14,Friday
Saver,2023-12-15 15:15:00,0:11:22,3.24,1018,1098,10.53,2.0,0.42,8.11,0.0,0.0,0.0,15,Friday
Priority,2023-12-15 15:49:00,0:06:16,1.69,1096,1091,17.5,4.38,0.92,12.2,0.0,0.0,0.0,15,Friday
UberX,2023-12-15 15:57:00,0:07:49,2.2,1092,1079,9.86,2.47,0.52,6.87,0.0,0.0,0.0,15,Friday
Saver,2023-12-15 16:11:00,0:09:45,4.32,1079,1054,11.32,2.15,0.45,8.72,0.0,0.0,0.0,16,Friday
UberX,2023-12-15 16:38:00,0:25:30,16.63,1076,1012,35.69,8.92,1.87,26.9,0.0,2.0,0.0,16,Friday
UberX,2023-12-15 17:16:00,0:00:00,0.0,1019,1019,9.5,2.38,0.5,6.62,0.0,0.0,0.0,17,Friday
UberX,2023-12-15 17:24:00,0:13:18,3.89,1011,1018,16.17,4.04,0.85,11.28,0.0,0.0,0.0,17,Friday
UberX,2023-12-15 17:37:00,0:11:29,2.55,1018,1072,11.23,2.81,0.59,7.83,0.0,0.0,0.0,17,Friday
UberX,2023-12-15 17:52:00,0:16:14,4.23,1017,1083,17.53,4.38,0.92,12.23,0.0,0.0,0.0,17,Friday
UberX,2023-12-15 18:15:00,0:12:39,6.03,1082,1183,20.76,5.19,1.09,14.48,0.0,0.0,0.0,18,Friday
UberX,2023-12-16 08:54:00,0:08:55,6.25,1186,1077,15.67,3.92,0.82,10.93,0.0,0.0,0.0,8,Saturday
UberX,2023-12-16 09:16:00,0:11:27,4.57,1082,1072,13.98,3.5,0.74,9.74,0.0,0.0,0.0,9,Saturday
UberX,2023-12-16 09:33:00,0:10:11,3.26,1015,1075,10.82,2.71,0.57,7.54,0.0,0.0,0.0,9,Saturday
UberX,2023-12-16 09:49:00,0:05:55,1.98,1071,1054,9.5,2.38,0.5,6.62,0.0,0.0,0.0,9,Saturday
UberX,2023-12-16 10:19:00,0:08:44,2.16,1054,1077,9.5,2.38,0.5,6.62,0.0,0.0,0.0,10,Saturday
UberX,2023-12-16 10:33:00,0:18:28,14.64,1078,1118,29.49,7.37,1.55,20.57,0.0,0.0,0.0,10,Saturday
UberX,2023-12-16 11:51:00,0:16:57,14.71,1118,1072,26.01,6.43,2.07,17.51,5.52,0.0,0.0,11,Saturday
UberX,2023-12-16 12:22:00,0:22:08,5.75,1073,1015,15.44,3.86,0.81,12.77,0.0,2.0,0.0,12,Saturday
UberX,2023-12-16 12:55:00,0:08:15,3.13,1015,1051,10.6,2.65,0.56,7.39,0.0,0.0,0.0,12,Saturday
UberX,2023-12-16 13:06:00,0:12:31,3.26,1014,1016,11.71,2.93,0.62,8.16,0.0,0.0,0.0,13,Saturday
UberX,2023-12-16 13:21:00,0:12:33,3.33,1016,1055,11.0,2.75,0.58,7.67,0.0,0.0,0.0,13,Saturday
UberX,2023-12-16 14:47:00,0:19:28,5.59,1015,1018,15.89,3.97,0.83,11.09,0.0,0.0,0.0,14,Saturday
UberX,2023-12-16 15:26:00,0:00:00,0.0,1011,1011,9.5,2.38,0.5,6.62,0.0,0.0,0.0,15,Saturday
UberX,2023-12-16 15:39:00,0:21:53,9.04,1011,1043,27.57,6.89,1.45,19.23,0.0,0.0,0.0,15,Saturday
Saver,2023-12-16 16:11:00,0:13:37,11.8,1014,1079,18.43,3.5,0.74,14.19,0.0,0.0,0.0,16,Saturday
Priority,2023-12-18 12:34:00,0:15:58,12.81,1187,1118,27.95,6.99,1.47,19.49,0.0,0.0,0.0,12,Monday
UberX,2023-12-18 12:59:00,0:24:38,27.54,1118,1031,44.05,10.94,3.02,30.09,6.47,0.0,0.0,12,Monday
UberX,2023-12-18 13:34:00,0:19:18,8.13,1031,1013,18.78,4.7,0.99,13.09,0.0,0.0,0.0,13,Monday
UberX,2023-12-18 13:52:00,0:07:03,2.41,1013,1016,9.0,2.25,0.47,6.28,0.0,0.0,0.0,13,Monday
UberX,2023-12-18 14:04:00,0:21:59,16.76,1016,1118,32.63,8.16,1.71,22.76,0.0,0.0,0.0,14,Monday
UberX,2023-12-18 15:40:00,0:18:57,13.53,1118,1071,24.95,6.16,2.01,16.78,5.46,0.0,0.0,15,Monday
UberX,2023-12-18 16:15:00,0:13:52,3.19,1071,1077,10.57,2.64,0.55,7.38,0.0,0.0,0.0,16,Monday
UberX,2023-12-18 16:34:00,0:19:13,5.13,1077,1015,15.56,3.89,0.82,13.85,0.0,3.0,0.0,16,Monday
UberX,2023-12-18 17:13:00,0:18:36,6.96,1016,1059,19.5,4.88,1.02,13.6,0.0,0.0,0.0,17,Monday
Priority,2023-12-18 17:32:00,0:27:33,6.34,1062,1052,20.0,5.0,1.05,13.95,0.0,0.0,0.0,17,Monday
UberX,2023-12-18 18:17:00,0:00:00,0.0,1075,1075,9.0,2.25,0.47,6.28,0.0,0.0,0.0,18,Monday
UberX,2023-12-18 18:24:00,0:18:34,8.72,1075,1186,19.19,4.8,1.01,13.38,0.0,0.0,0.0,18,Monday
UberX,2023-12-19 08:45:00,0:13:27,5.22,1185,1181,16.45,4.11,0.86,11.48,0.0,0.0,0.0,8,Tuesday
UberX,2023-12-19 08:59:00,0:23:10,14.36,1183,1043,25.44,6.36,1.34,17.74,0.0,0.0,0.0,8,Tuesday
UberX,2023-12-19 09:59:00,0:17:35,8.61,1055,1060,17.91,4.48,0.94,12.49,0.0,0.0,0.0,9,Tuesday
Saver,2023-12-19 10:28:00,0:17:13,15.77,1069,1119,22.46,4.27,0.9,17.29,0.0,0.0,0.0,10,Tuesday
UberX,2023-12-19 11:26:00,0:25:26,22.6,1118,1018,41.09,10.2,2.86,28.03,6.31,0.0,0.0,11,Tuesday
UberX,2023-12-19 11:43:00,0:16:51,5.51,1018,1015,15.02,3.76,0.79,10.47,0.0,0.0,0.0,11,Tuesday
UberX,2023-12-19 12:16:00,0:20:08,5.17,1012,1013,14.63,3.66,0.77,10.2,0.0,0.0,0.0,12,Tuesday
UberX,2023-12-19 12:42:00,0:18:34,4.6,1018,1016,13.9,3.48,0.73,9.69,0.0,0.0,0.0,12,Tuesday
UberX,2023-12-19 13:07:00,0:17:12,4.8,1016,1018,15.24,3.81,0.8,10.63,0.0,0.0,0.0,13,Tuesday
UberX,2023-12-19 13:34:00,0:10:51,5.11,1018,1032,14.69,3.67,0.77,12.25,0.0,2.0,0.0,13,Tuesday
UberX,2023-12-19 14:57:00,0:19:12,6.16,1021,1012,1012.0,4.26,0.89,11.87,0.0,0.0,0.0,14,Tuesday
UberX,2023-12-19 15:09:00,0:21:10,6.44,1011,1018,15.27,3.82,0.8,10.65,0.0,0.0,0.0,15,Tuesday
UberX,2023-12-19 15:55:00,0:22:01,5.12,1017,1012,16.34,4.09,0.86,11.39,0.0,0.0,0.0,15,Tuesday
UberX,2023-12-19 16:32:00,0:18:08,3.61,1013,1054,12.15,3.04,0.64,8.47,0.0,0.0,0.0,16,Tuesday
UberX,2023-12-19 17:01:00,0:12:26,3.37,1071,1011,14.83,3.71,0.78,10.34,0.0,0.0,0.0,17,Tuesday
UberX,2023-12-19 17:17:00,0:26:47,4.8,1018,1052,17.8,4.45,0.93,12.42,0.0,0.0,0.0,17,Tuesday
UberX,2023-12-19 17:49:00,0:31:36,5.18,1016,1079,16.59,4.15,0.87,12.57,0.0,1.0,0.0,17,Tuesday
UberX,2023-12-19 18:17:00,0:08:29,2.46,1079,1077,12.1,3.03,0.64,8.43,0.0,0.0,0.0,18,Tuesday
UberX,2023-12-19 18:46:00,0:14:24,8.19,1079,1185,18.37,4.59,0.96,12.82,0.0,0.0,0.0,18,Tuesday
Saver,2023-12-20 07:54:00,0:32:19,13.05,1186,1016,24.98,4.75,1.0,19.23,0.0,0.0,0.0,7,Wednesday
UberX,2023-12-20 08:40:00,0:10:43,4.26,1015,1013,12.62,3.16,0.66,8.8,0.0,0.0,0.0,8,Wednesday
Saver,2023-12-20 08:44:00,0:05:51,3.16,1013,1043,8.0,1.52,0.32,6.16,0.0,0.0,0.0,8,Wednesday
Priority,2023-12-20 09:08:00,0:16:40,15.44,1014,1118,30.91,7.73,1.62,26.56,0.0,5.0,0.0,9,Wednesday
Saver,2023-12-20 10:13:00,0:17:48,6.18,1066,1016,12.5,2.38,0.5,9.62,0.0,0.0,0.0,10,Wednesday
UberX,2023-12-20 10:36:00,0:12:44,3.6,1016,1055,11.05,2.76,0.58,7.71,0.0,0.0,0.0,10,Wednesday
UberX,2023-12-20 10:51:00,0:06:35,1.95,1014,1043,9.0,2.25,0.47,6.28,0.0,0.0,0.0,10,Wednesday
UberX,2023-12-20 11:13:00,0:08:57,2.94,1056,1043,9.0,2.25,0.47,6.28,0.0,0.0,0.0,11,Wednesday
UberX,2023-12-20 11:35:00,0:05:58,2.47,1043,1056,9.0,2.25,0.47,6.28,0.0,0.0,0.0,11,Wednesday
Saver,2023-12-20 12:22:00,0:10:59,4.46,1055,1014,10.03,1.91,0.4,7.72,0.0,0.0,0.0,12,Wednesday
Saver,2023-12-20 13:08:00,0:20:33,18.1,1013,1118,23.96,4.55,0.96,19.45,0.0,1.0,0.0,13,Wednesday
UberX,2023-12-20 14:30:00,0:15:32,5.12,1171,1068,14.35,3.59,0.75,10.01,0.0,0.0,0.0,14,Wednesday
UberX,2023-12-20 14:52:00,0:09:01,3.36,1068,1061,11.03,2.76,0.58,7.69,0.0,0.0,0.0,14,Wednesday
UberX,2023-12-20 15:05:00,0:13:14,5.82,1061,1071,15.43,3.86,0.81,10.76,0.0,0.0,0.0,15,Wednesday
UberX,2023-12-20 15:21:00,0:03:40,0.86,1071,1054,9.0,2.25,0.47,6.28,0.0,0.0,0.0,15,Wednesday
UberX,2023-12-20 15:36:00,0:22:14,2.26,1054,1077,10.16,2.54,0.53,7.09,0.0,0.0,0.0,15,Wednesday
UberX,2023-12-20 16:14:00,0:19:32,4.95,1076,1015,15.22,3.81,0.8,10.61,0.0,0.0,0.0,16,Wednesday
Saver,2023-12-20 16:40:00,0:11:00,3.29,1053,1013,8.94,1.7,0.36,6.88,0.0,0.0,0.0,16,Wednesday
UberX,2023-12-20 17:01:00,0:23:59,3.45,1051,1071,12.74,3.19,0.67,8.88,0.0,0.0,0.0,17,Wednesday
UberX,2023-12-20 17:38:00,0:21:55,4.9,1017,1014,13.13,3.28,0.69,9.16,0.0,0.0,0.0,17,Wednesday
UberX,2023-12-20 18:03:00,0:19:31,3.41,1052,1054,12.9,3.23,0.68,8.99,0.0,0.0,0.0,18,Wednesday
Saver,2023-12-20 18:20:00,0:14:59,4.44,1053,1081,10.63,2.02,0.42,8.19,0.0,0.0,0.0,18,Wednesday
UberX,2023-12-20 18:54:00,0:00:00,0.0,1082,1082,9.0,2.25,0.47,6.28,0.0,0.0,0.0,18,Wednesday
Priority,2023-12-20 19:02:00,0:07:57,4.34,1083,1181,14.24,3.56,0.75,9.93,0.0,0.0,0.0,19,Wednesday
Saver,2023-12-21 08:45:00,0:24:43,16.02,1186,1043,26.03,4.95,1.04,20.04,0.0,0.0,0.0,8,Thursday
Saver,2023-12-21 09:29:00,0:14:10,8.29,1055,1082,14.68,2.79,0.59,11.3,0.0,0.0,0.0,9,Thursday
Saver,2023-12-21 10:15:00,0:18:05,7.1,1083,1091,12.59,2.39,0.5,9.7,0.0,0.0,0.0,10,Thursday
Saver,2023-12-21 10:36:00,0:14:59,10.58,1092,1081,16.49,3.13,0.66,12.7,0.0,0.0,0.0,10,Thursday
UberX,2023-12-21 11:25:00,0:17:05,8.89,1081,1187,21.52,5.38,1.13,15.01,0.0,0.0,0.0,11,Thursday
Saver,2023-12-21 13:34:00,0:14:42,7.01,1186,1076,14.88,2.83,0.59,11.46,0.0,0.0,0.0,13,Thursday
UberX,2023-12-21 13:50:00,0:11:18,3.33,1076,1072,10.39,2.6,0.55,7.24,0.0,0.0,65.0,13,Thursday
UberX,2023-12-21 14:11:00,0:03:55,1.04,1077,1072,9.0,2.25,0.47,6.28,0.0,0.0,0.0,14,Thursday
UberX,2023-12-21 14:29:00,0:24:41,9.04,1072,1101,19.27,4.82,1.01,13.44,0.0,0.0,0.0,14,Thursday
Saver,2023-12-21 15:02:00,0:19:10,7.66,1102,1071,16.13,3.06,0.64,12.43,0.0,0.0,0.0,15,Thursday
UberX,2023-12-21 15:28:00,0:04:57,1.62,1072,1077,9.04,2.26,0.47,6.31,0.0,0.0,0.0,15,Thursday
Saver,2023-12-22 15:46:00,0:28:27,17.41,1185,1091,32.1,6.1,1.28,24.72,0.0,0.0,0.0,15,Friday
UberX,2023-12-22 16:19:00,0:07:52,1.6,1091,1097,9.5,2.38,0.5,6.62,0.0,0.0,0.0,16,Friday
Saver,2023-12-22 16:26:00,0:08:51,2.69,1098,1111,10.29,1.96,0.41,7.92,0.0,0.0,0.0,16,Friday
UberX,2023-12-22 16:43:00,0:08:39,4.41,1112,1102,13.02,3.26,0.68,9.08,0.0,0.0,0.0,16,Friday
Saver,2023-12-22 16:58:00,0:24:15,21.32,1101,1033,32.92,6.25,1.31,25.36,0.0,0.0,0.0,16,Friday
UberX,2023-12-22 17:30:00,0:11:16,10.38,1033,1011,23.36,5.84,1.23,16.29,0.0,0.0,0.0,17,Friday
UberX,2023-12-22 17:48:00,0:12:30,3.36,1011,1011,15.52,3.88,0.81,10.83,0.0,0.0,0.0,17,Friday
UberX,2023-12-22 18:08:00,0:08:35,1.58,1013,1012,13.69,3.42,0.72,9.55,0.0,0.0,0.0,18,Friday
UberX,2023-12-22 18:21:00,0:07:35,2.17,1052,1012,9.92,2.48,0.52,6.92,0.0,0.0,0.0,18,Friday
UberX,2023-12-22 18:40:00,0:15:20,7.4,1016,1066,19.17,4.79,1.01,13.37,0.0,0.0,0.0,18,Friday
Saver,2023-12-22 19:00:00,0:10:00,7.85,1066,1078,15.35,2.92,0.61,11.82,0.0,0.0,0.0,19,Friday
Saver,2023-12-22 19:11:00,0:13:08,4.39,1072,1058,14.19,2.7,0.57,10.92,0.0,0.0,0.0,19,Friday
UberX,2023-12-22 19:34:00,0:07:07,2.61,1058,1076,12.02,3.01,0.63,8.38,0.0,0.0,0.0,19,Friday
Saver,2023-12-22 19:38:00,0:18:25,12.8,1076,1012,25.6,4.86,1.02,21.72,0.0,2.0,0.0,19,Friday
UberX,2023-12-22 20:05:00,0:11:43,5.37,1012,1019,14.32,3.58,0.75,9.99,0.0,0.0,0.0,20,Friday
UberX,2023-12-22 20:20:00,0:11:46,6.28,1019,1087,16.83,4.21,0.88,11.74,0.0,0.0,0.0,20,Friday
Saver,2023-12-22 22:09:00,0:11:41,6.9,1087,1018,14.88,2.83,0.59,11.46,0.0,0.0,0.0,22,Friday
Saver,2023-12-22 22:18:00,0:06:27,2.95,1018,1019,8.96,1.7,0.36,6.9,0.0,0.0,0.0,22,Friday
Saver,2023-12-22 22:40:00,0:06:33,3.6,1019,1013,12.24,2.33,0.49,9.42,0.0,0.0,0.0,22,Friday
UberX,2023-12-22 22:59:00,0:07:02,2.75,1052,1017,10.71,2.68,0.56,7.47,0.0,0.0,0.0,22,Friday
Saver,2023-12-22 23:16:00,0:10:22,3.95,1054,1012,14.67,2.79,0.59,11.29,0.0,0.0,0.0,23,Friday
UberX,2023-12-22 23:40:00,0:13:19,6.53,1016,1018,17.28,4.32,0.91,12.05,0.0,0.0,0.0,23,Friday
Saver,2023-12-22 23:55:00,0:14:44,8.44,1019,1043,18.33,3.48,0.73,14.12,0.0,0.0,0.0,23,Friday
Saver,2023-12-23 00:17:00,0:15:34,9.53,1043,1093,18.2,3.46,0.73,14.01,0.0,0.0,0.0,0,Saturday
Saver,2023-12-23 00:28:00,0:11:17,7.92,1092,1103,15.57,2.96,0.62,11.99,0.0,0.0,0.0,0,Saturday
UberX,2023-12-23 00:49:00,0:12:57,9.74,1112,1083,20.25,5.06,1.06,14.13,0.0,0.0,0.0,0,Saturday
Saver,2023-12-23 01:14:00,0:06:27,5.23,1083,1096,11.74,2.23,0.47,9.04,0.0,0.0,0.0,1,Saturday
Saver,2023-12-23 01:34:00,0:15:31,6.18,1097,1015,15.58,2.96,0.62,12.0,0.0,0.0,0.0,1,Saturday
UberX,2023-12-23 02:01:00,0:09:08,3.06,1013,1017,11.61,2.9,0.61,8.1,0.0,0.0,0.0,2,Saturday
UberX,2023-12-23 02:15:00,0:00:00,0.0,1054,1054,9.5,2.38,0.5,6.62,0.0,0.0,0.0,2,Saturday
UberX,2023-12-23 02:19:00,0:16:19,6.69,1016,1067,18.51,4.63,0.97,12.91,0.0,0.0,0.0,2,Saturday
UberX,2023-12-23 02:48:00,0:12:19,10.95,1043,1076,21.43,5.36,1.13,14.94,0.0,0.0,0.0,2,Saturday
Saver,2023-12-23 03:09:00,0:10:37,4.16,1075,1073,10.87,2.07,0.43,9.37,0.0,1.0,0.0,3,Saturday
UberX,2023-12-23 03:27:00,0:10:18,4.88,1017,1082,14.34,3.59,0.75,10.0,0.0,0.0,0.0,3,Saturday
UberX,2023-12-23 16:20:00,0:08:00,3.43,1181,1082,12.14,3.04,0.64,8.46,0.0,0.0,0.0,16,Saturday
Saver,2023-12-23 16:33:00,0:26:51,5.6,1076,1015,17.71,3.36,0.71,13.64,0.0,0.0,0.0,16,Saturday
UberX,2023-12-23 17:30:00,0:06:33,2.37,1053,1051,11.13,2.78,0.58,9.77,0.0,2.0,0.0,17,Saturday
Saver,2023-12-23 17:54:00,0:11:19,3.08,1051,1016,9.6,1.82,0.38,9.4,0.0,2.0,0.0,17,Saturday
UberX,2023-12-23 18:24:00,0:08:01,2.25,1017,1077,11.17,2.79,0.59,7.79,0.0,0.0,0.0,18,Saturday
Saver,2023-12-23 18:43:00,0:10:09,2.76,1071,1017,10.34,1.96,0.41,7.97,0.0,0.0,0.0,18,Saturday
UberX,2023-12-23 19:05:00,0:07:54,2.05,1017,1015,10.58,2.65,0.56,7.37,0.0,0.0,0.0,19,Saturday
Saver,2023-12-23 19:17:00,0:09:37,3.84,1051,1057,10.27,1.95,0.41,7.91,0.0,0.0,0.0,19,Saturday
Saver,2023-12-23 19:44:00,0:08:23,4.68,1061,1014,12.27,2.33,0.49,9.45,0.0,0.0,0.0,19,Saturday
Saver,2023-12-23 20:01:00,0:15:39,4.53,1013,1072,12.73,2.42,0.51,9.8,0.0,0.0,0.0,20,Saturday
Saver,2023-12-23 20:29:00,0:10:54,4.67,1071,1057,12.25,2.33,0.49,11.43,0.0,2.0,0.0,20,Saturday
UberX,2023-12-23 21:46:00,0:04:18,1.36,1061,1057,9.5,2.38,0.5,6.62,0.0,0.0,0.0,21,Saturday
UberX,2023-12-23 22:09:00,0:11:13,4.43,1053,1011,17.72,4.43,0.93,12.36,0.0,0.0,0.0,22,Saturday
UberX,2023-12-23 22:36:00,0:18:40,14.05,1012,1082,28.87,7.22,1.52,20.13,0.0,0.0,0.0,22,Saturday
UberX,2023-12-23 23:43:00,0:11:32,4.49,1072,1092,14.23,3.56,0.75,9.92,0.0,0.0,0.0,23,Saturday
Saver,2023-12-24 00:07:00,0:17:09,15.47,1091,1061,22.49,4.27,0.9,19.32,0.0,2.0,0.0,0,Sunday
UberX,2023-12-24 00:40:00,0:04:18,1.7,1064,1057,9.5,2.38,0.5,6.62,0.0,0.0,0.0,0,Sunday
UberX,2023-12-24 22:09:00,0:11:13,4.43,1053,1011,17.72,4.43,0.93,12.36,0.0,0.0,0.0,22,Sunday
UberX,2023-12-24 22:36:00,0:18:40,14.05,1012,1082,28.87,7.22,1.52,20.13,0.0,0.0,0.0,22,Sunday
UberX,2023-12-24 11:43:00,0:11:32,4.49,1072,1092,14.23,3.56,0.75,9.92,0.0,0.0,0.0,11,Sunday
Saver,2023-12-24 00:07:00,0:17:09,15.47,1091,1061,22.49,4.27,0.9,19.32,0.0,2.0,0.0,0,Sunday
UberX,2023-12-24 00:40:00,0:04:18,1.7,1064,1057,9.5,2.38,0.5,6.62,0.0,0.0,0.0,0,Sunday
Saver,2023-12-24 00:47:00,0:07:51,2.68,1057,1054,8.5,1.62,0.34,6.54,0.0,0.0,0.0,0,Sunday
UberX,2023-12-24 01:18:00,0:14:31,7.58,1054,1181,19.14,4.79,1.01,13.34,0.0,0.0,0.0,1,Sunday
UberX,2023-12-24 01:35:00,0:25:41,9.15,1183,1012,23.28,5.82,1.22,26.24,0.0,10.0,0.0,1,Sunday
UberX,2023-12-24 02:17:00,0:09:09,3.07,1016,1077,13.22,3.31,0.7,9.21,0.0,0.0,0.0,2,Sunday
UberX,2023-12-24 02:31:00,0:14:13,5.79,1053,1013,17.03,4.26,0.89,11.88,0.0,0.0,0.0,2,Sunday
Saver,2023-12-24 02:55:00,0:07:00,3.47,1013,1056,10.34,1.96,0.41,7.97,0.0,0.0,0.0,2,Sunday
Saver,2023-12-24 03:08:00,0:06:37,4.87,1056,1066,10.19,1.94,0.41,7.84,0.0,0.0,0.0,3,Sunday
UberX,2023-12-24 03:20:00,0:08:01,5.07,1059,1056,13.92,3.48,0.73,9.71,0.0,0.0,0.0,3,Sunday
UberX,2023-12-24 03:38:00,0:06:47,3.3,1016,1055,11.56,2.89,0.61,8.06,0.0,0.0,0.0,3,Sunday
Saver,2023-12-24 03:43:00,0:07:09,3.14,1055,1058,8.86,1.68,0.35,6.83,0.0,0.0,0.0,3,Sunday
UberX,2023-12-26 07:16:00,0:16:33,8.2,1185,1075,18.07,4.52,0.95,12.6,0.0,0.0,0.0,7,Tuesday
UberX,2023-12-26 07:55:00,0:09:24,3.93,1054,1182,11.45,2.86,0.6,9.99,0.0,2.0,0.0,7,Tuesday
UberX,2023-12-26 08:15:00,0:08:44,3.71,1076,1054,11.67,2.92,0.61,8.14,0.0,0.0,0.0,8,Tuesday
Saver,2023-12-26 08:36:00,0:18:59,15.04,1071,1118,23.53,4.47,0.94,18.12,0.0,0.0,0.0,8,Tuesday
UberX,2023-12-26 09:31:00,0:18:52,15.79,1118,1016,27.1,6.7,2.13,18.27,5.58,0.0,0.0,9,Tuesday
Saver,2023-12-26 10:34:00,0:17:13,14.69,1054,1118,23.46,4.46,0.94,18.06,0.0,0.0,0.0,10,Tuesday
UberX,2023-12-26 11:08:00,0:15:25,15.07,1118,1077,23.47,5.79,1.94,15.74,5.39,0.0,0.0,11,Tuesday
UberX,2023-12-26 11:37:00,0:08:47,2.97,1072,1091,10.03,2.51,0.53,6.99,0.0,0.0,0.0,11,Tuesday
UberX,2023-12-26 11:56:00,0:12:39,5.14,1097,1012,13.94,3.49,0.73,9.72,0.0,0.0,0.0,11,Tuesday
Saver,2023-12-26 14:01:00,0:24:42,13.61,1021,1061,21.33,4.05,0.85,16.43,0.0,0.0,0.0,14,Tuesday
UberX,2023-12-26 14:34:00,0:41:15,8.32,1062,1012,35.23,8.81,1.85,24.57,0.0,0.0,0.0,14,Tuesday
UberX,2023-12-26 15:16:00,0:14:21,4.1,1012,1072,14.98,14.98,0.79,10.44,0.0,0.0,0.0,15,Tuesday
UberX,2023-12-26 15:33:00,0:10:09,3.07,1017,1091,10.84,2.71,0.57,7.56,0.0,0.0,0.0,15,Tuesday
UberX,2023-12-26 16:13:00,0:18:51,6.08,1017,1012,15.0,3.75,0.79,12.46,0.0,2.0,0.0,16,Tuesday
UberX,2023-12-26 16:28:00,0:14:39,3.31,1013,1016,11.3,2.83,0.59,7.88,0.0,0.0,0.0,16,Tuesday
UberX,2023-12-26 17:04:00,0:20:26,14.76,1017,1118,27.65,6.91,1.45,24.29,0.0,5.0,0.0,17,Tuesday
UberX,2023-12-26 17:29:00,0:14:56,14.52,1118,1072,24.04,5.93,1.97,16.14,5.42,0.0,0.0,17,Tuesday
Saver,2023-12-27 08:18:00,0:18:09,18.38,1187,1114,25.88,4.92,1.03,19.93,0.0,0.0,0.0,8,Wednesday
UberX,2023-12-27 08:58:00,0:12:55,4.6,1097,1071,12.8,3.2,0.67,8.93,0.0,0.0,0.0,8,Wednesday
Saver,2023-12-27 09:19:00,0:14:55,7.95,1071,1043,14.72,2.8,0.59,11.33,0.0,0.0,0.0,9,Wednesday
Saver,2023-12-27 10:05:00,0:12:49,6.55,1043,1011,14.57,2.77,0.58,13.22,0.0,2.0,0.0,10,Wednesday
UberX,2023-12-27 10:22:00,0:07:26,1.66,1012,1016,9.9,2.48,0.52,6.9,0.0,0.0,0.0,10,Wednesday
UberX,2023-12-27 10:53:00,0:15:13,5.68,1016,1093,14.89,3.72,0.78,10.39,0.0,0.0,0.0,10,Wednesday
UberX,2023-12-27 11:24:00,0:12:08,3.94,1093,1071,12.28,3.07,0.64,10.57,0.0,2.0,0.0,11,Wednesday
UberX,2023-12-27 11:40:00,0:15:57,4.58,1071,1092,13.97,3.49,0.73,9.75,0.0,0.0,0.0,11,Wednesday
UberX,2023-12-27 11:54:00,0:13:34,4.23,1019,1011,12.44,3.11,0.65,8.68,0.0,0.0,0.0,11,Wednesday
UberX,2023-12-27 13:51:00,0:15:40,11.8,1025,1114,24.21,6.05,1.27,16.89,0.0,0.0,0.0,13,Wednesday
UberX,2023-12-27 14:29:00,0:08:58,3.5,1096,1072,11.21,2.8,0.59,7.82,0.0,0.0,0.0,14,Wednesday
UberX,2023-12-27 14:50:00,0:16:33,3.27,1054,1015,11.77,2.94,0.62,9.21,0.0,1.0,0.0,14,Wednesday
UberX,2023-12-27 15:27:00,0:12:15,3.61,1077,1074,11.93,2.98,0.63,8.32,0.0,0.0,0.0,15,Wednesday
UberX,2023-12-28 15:13:00,0:26:20,14.62,1187,1072,29.75,7.44,1.56,20.75,0.0,0.0,0.0,15,Thursday
Saver,2023-12-28 16:24:00,0:11:48,4.2,1074,1019,10.01,1.9,0.4,7.71,0.0,0.0,0.0,16,Thursday
UberX,2023-12-28 16:42:00,0:14:52,5.85,1094,1078,23.25,5.81,1.22,16.22,0.0,0.0,0.0,16,Thursday
UberX,2023-12-28 17:03:00,0:14:25,4.17,1082,1054,12.49,3.12,0.66,8.71,0.0,0.0,0.0,17,Thursday
UberX,2023-12-28 17:24:00,0:14:48,3.0,1071,1016,11.68,2.92,0.61,8.15,0.0,0.0,0.0,17,Thursday
Priority,2023-12-28 17:42:00,0:25:39,6.02,1016,1012,22.15,5.54,1.16,16.45,0.0,1.0,0.0,17,Thursday
UberX,2023-12-28 18:14:00,0:17:48,8.25,1011,1013,20.64,5.16,1.08,15.4,0.0,1.0,0.0,18,Thursday
UberX,2023-12-28 18:39:00,0:07:30,2.77,1014,1015,12.06,3.02,0.63,8.41,0.0,0.0,0.0,18,Thursday
UberX,2023-12-28 19:12:00,0:08:52,2.97,1015,1053,9.99,2.5,0.53,6.96,0.0,0.0,0.0,19,Thursday
UberX,2023-12-28 19:24:00,0:04:36,1.46,1054,1052,9.0,2.25,0.47,6.28,0.0,0.0,0.0,19,Thursday
UberX,2023-12-28 19:38:00,0:09:06,5.68,1056,1059,13.49,3.37,0.71,9.41,0.0,0.0,0.0,19,Thursday
UberX,2023-12-28 20:19:00,0:00:00,0.0,1062,1062,9.0,2.25,0.47,6.28,0.0,0.0,0.0,20,Thursday
UberX,2023-12-28 20:29:00,0:11:49,5.53,1066,1071,13.58,3.4,0.71,11.47,0.0,2.0,0.0,20,Thursday
UberX,2023-12-28 21:31:00,0:12:22,4.18,1054,1012,12.77,3.19,0.67,8.91,0.0,0.0,0.0,21,Thursday
UberX,2023-12-28 21:51:00,0:19:25,6.32,1012,1071,17.31,4.33,0.91,12.07,0.0,0.0,0.0,21,Thursday
UberX,2023-12-28 22:51:00,0:06:11,2.09,1071,1053,9.52,2.38,0.5,6.64,0.0,0.0,0.0,22,Thursday
UberX,2023-12-28 23:03:00,0:00:00,0.0,1016,1016,9.5,2.38,0.5,6.62,0.0,0.0,0.0,23,Thursday
Saver,2023-12-28 23:39:00,0:09:46,3.16,1054,1077,8.32,1.58,0.33,6.41,0.0,0.0,0.0,23,Thursday
Saver,2023-12-29 14:11:00,0:26:21,10.37,1186,1073,23.42,4.45,0.93,18.04,0.0,0.0,0.0,14,Friday
UberX,2023-12-29 14:53:00,0:15:34,5.62,1073,1114,17.96,4.49,0.94,12.53,0.0,0.0,0.0,14,Friday
UberX,2023-12-29 15:52:00,0:09:29,1.62,1072,1012,11.77,2.94,0.62,10.21,0.0,2.0,0.0,15,Friday
UberX,2023-12-29 16:12:00,0:29:57,4.76,1016,1017,18.77,4.69,0.98,13.1,0.0,0.0,0.0,16,Friday
UberX,2023-12-29 16:38:00,0:15:18,4.38,1017,1018,18.34,4.59,0.96,12.79,0.0,0.0,0.0,16,Friday
UberX,2023-12-29 17:03:00,0:08:21,2.58,1018,1018,10.91,2.73,0.57,7.61,0.0,0.0,0.0,17,Friday
UberX,2023-12-29 17:04:00,0:18:09,2.81,1018,1012,15.61,3.9,0.82,10.89,0.0,0.0,0.0,17,Friday
UberX,2023-12-29 17:42:00,0:23:13,5.45,1013,1018,22.26,5.57,1.17,15.52,0.0,0.0,0.0,17,Friday
Saver,2023-12-29 19:49:00,0:14:42,6.13,1021,1072,16.55,3.14,0.66,11.66,0.0,0.0,0.0,19,Friday
UberX,2023-12-29 20:18:00,0:10:20,3.17,1016,1014,12.07,3.02,0.63,8.42,0.0,0.0,0.0,20,Friday
Saver,2023-12-29 20:43:00,0:07:47,2.33,1015,1017,8.57,1.63,0.34,6.6,0.0,0.0,0.0,20,Friday
Saver,2023-12-29 20:49:00,0:12:33,3.6,1015,1078,11.35,2.16,0.45,8.74,0.0,0.0,0.0,20,Friday
UberX,2023-12-29 21:17:00,0:13:10,4.25,1078,1017,15.08,3.77,0.79,10.52,0.0,0.0,0.0,21,Friday
UberX,2023-12-29 21:39:00,0:09:53,3.66,1017,1077,13.23,3.31,0.7,9.22,0.0,0.0,0.0,21,Friday
UberX,2023-12-30 14:34:00,0:31:01,12.88,1185,1017,32.19,8.05,1.69,22.45,0.0,0.0,0.0,14,Saturday
UberX,2023-12-30 15:12:00,0:20:35,4.34,1017,1075,14.79,3.7,0.78,11.31,0.0,1.0,0.0,15,Saturday
UberX,2023-12-30 15:26:00,0:05:54,1.67,1075,1058,9.52,2.38,0.5,6.64,0.0,0.0,0.0,15,Saturday
UberX,2023-12-30 16:38:00,0:09:31,2.52,1058,1061,11.23,2.81,0.59,7.83,0.0,0.0,0.0,16,Saturday
UberX,2023-12-30 16:52:00,0:06:37,1.28,1061,1056,9.5,2.38,0.5,6.62,0.0,0.0,0.0,16,Saturday
UberX,2023-12-30 17:14:00,0:11:56,2.72,1057,1015,12.3,3.08,0.65,8.57,0.0,0.0,0.0,17,Saturday
UberX,2023-12-30 17:31:00,0:09:55,4.53,1015,1014,13.96,3.49,0.73,9.74,0.0,0.0,0.0,17,Saturday
UberX,2023-12-30 18:34:00,0:26:15,4.69,1055,1012,36.52,9.13,1.92,25.47,0.0,0.0,0.0,18,Saturday
UberX,2023-12-30 19:20:00,0:15:33,4.45,1016,1091,16.53,4.13,0.87,12.53,0.0,1.0,0.0,19,Saturday
UberX,2023-12-30 19:37:00,0:14:58,5.19,1097,1053,17.72,4.43,0.93,12.36,0.0,0.0,0.0,19,Saturday
UberX,2023-12-30 20:00:00,0:05:38,2.24,1053,1051,9.71,2.43,0.51,6.77,0.0,0.0,0.0,20,Saturday
UberX,2023-12-30 20:11:00,0:00:00,0.0,1051,1051,9.5,2.38,0.5,6.62,0.0,0.0,0.0,20,Saturday
UberX,2023-12-30 20:29:00,0:00:00,0.0,1051,1051,9.5,2.38,0.5,6.62,0.0,0.0,0.0,20,Saturday
UberX,2023-12-30 20:37:00,0:00:00,0.0,1051,1051,9.5,2.38,0.5,6.62,0.0,0.0,0.0,20,Saturday
UberX,2023-12-30 20:44:00,0:12:04,3.8,1051,1012,14.08,3.52,0.74,14.82,0.0,5.0,0.0,20,Saturday
UberX,2024-01-02 12:14:00,0:22:14,11.86,1185,1071,25.94,6.49,1.36,18.09,0.0,0.0,0.0,12,Tuesday
Priority,2024-01-02 12:44:00,0:11:57,3.67,1071,1082,17.14,4.29,0.9,11.95,0.0,0.0,0.0,12,Tuesday
Priority,2024-01-02 13:03:00,0:12:52,13.07,1081,1118,27.62,6.91,1.45,19.26,0.0,0.0,0.0,13,Tuesday
UberX,2024-01-02 13:26:00,0:15:18,14.75,1118,1052,26.52,6.55,2.1,19.87,5.55,2.0,0.0,13,Tuesday
UberX,2024-01-02 13:39:00,0:10:08,3.02,1015,1071,11.89,2.97,0.62,10.3,0.0,2.0,0.0,13,Tuesday
UberX,2024-01-02 13:57:00,0:00:00,0.0,1071,1071,9.0,2.25,0.47,6.28,0.0,0.0,0.0,13,Tuesday
Priority,2024-01-02 14:01:00,0:09:47,2.1,1077,1071,13.0,3.25,0.68,9.07,0.0,0.0,0.0,14,Tuesday
UberX,2024-01-02 14:14:00,0:11:57,4.33,1054,1083,13.27,3.32,0.7,9.25,0.0,0.0,0.0,14,Tuesday
UberX,2024-01-02 14:32:00,0:15:13,5.21,1082,1091,15.36,3.84,0.81,10.71,0.0,0.0,0.0,14,Tuesday
UberX,2024-01-02 14:42:00,0:05:05,1.7,1018,1091,9.9,2.48,0.52,6.9,0.0,0.0,0.0,14,Tuesday
UberX,2024-01-02 15:02:00,0:13:25,4.56,1079,1017,12.56,3.14,0.66,8.76,0.0,0.0,0.0,15,Tuesday
UberX,2024-01-02 15:21:00,0:14:18,4.31,1017,1012,13.96,3.49,0.73,9.74,0.0,0.0,0.0,15,Tuesday
UberX,2024-01-02 15:44:00,0:07:11,5.66,1011,1025,15.52,3.88,0.81,15.83,0.0,5.0,0.0,15,Tuesday
UberX,2024-01-02 16:59:00,0:16:46,6.47,1025,1012,17.32,4.33,0.91,12.08,0.0,0.0,0.0,16,Tuesday
UberX,2024-01-02 17:35:00,0:11:14,3.1,1012,1092,26.1,6.53,1.37,20.2,0.0,2.0,0.0,17,Tuesday
UberX,2024-01-02 17:47:00,0:14:05,5.39,1092,1011,15.56,3.89,0.82,10.85,0.0,0.0,0.0,17,Tuesday
UberX,2024-01-02 18:03:00,0:11:12,3.77,1011,1051,10.84,2.71,0.57,7.56,0.0,0.0,0.0,18,Tuesday
UberX,2024-01-02 18:31:00,0:17:41,15.49,1055,1118,27.72,6.93,1.46,19.33,0.0,0.0,0.0,18,Tuesday
UberX,2024-01-03 11:00:00,0:08:05,5.18,1188,1183,12.51,3.13,0.66,8.72,0.0,0.0,0.0,11,Wednesday
UberX,2024-01-03 11:20:00,0:17:42,14.4,1183,1118,25.45,6.36,1.34,17.75,0.0,0.0,0.0,11,Wednesday
UberX,2024-01-03 12:22:00,0:19:34,15.05,1118,1072,27.09,6.7,2.13,18.26,5.58,0.0,0.0,12,Wednesday
UberX,2024-01-03 12:59:00,0:06:21,1.36,1074,1017,9.12,2.28,0.48,6.36,0.0,0.0,0.0,12,Wednesday
UberX,2024-01-03 13:10:00,0:06:34,1.9,1017,1016,10.01,2.5,0.53,6.98,0.0,0.0,0.0,13,Wednesday
UberX,2024-01-03 13:23:00,0:27:50,18.02,1012,1118,34.44,8.61,1.81,24.02,0.0,0.0,0.0,13,Wednesday
UberX,2024-01-03 13:57:00,0:17:53,20.35,1118,1018,36.08,8.94,2.6,24.54,6.05,0.0,0.0,13,Wednesday
UberX,2024-01-03 14:41:00,0:10:16,2.86,1018,1054,10.14,2.54,0.53,7.07,0.0,0.0,0.0,14,Wednesday
UberX,2024-01-03 14:57:00,0:14:42,3.47,1071,1012,12.34,3.09,0.65,8.6,0.0,0.0,0.0,14,Wednesday
UberX,2024-01-03 15:18:00,0:26:22,14.85,1012,1033,31.05,7.76,1.63,21.66,0.0,0.0,0.0,15,Wednesday
UberX,2024-01-03 16:53:00,0:27:20,25.36,1033,1118,41.72,10.43,2.19,29.1,0.0,0.0,0.0,16,Wednesday
UberX,2024-01-03 17:36:00,0:21:11,21.01,1118,1018,36.34,9.01,2.61,24.72,6.06,0.0,0.0,17,Wednesday
UberX,2024-01-03 18:15:00,0:13:00,4.59,1017,1082,13.79,3.45,0.72,9.62,0.0,0.0,0.0,18,Wednesday
Saver,2024-01-04 08:01:00,0:18:35,18.37,1187,1114,23.93,4.55,0.96,18.42,0.0,0.0,0.0,8,Thursday
UberX,2024-01-04 08:50:00,0:12:55,11.53,1115,1058,21.1,5.28,1.11,14.71,0.0,0.0,0.0,8,Thursday
UberX,2024-01-04 09:10:00,0:12:13,4.14,1058,1017,11.58,2.9,0.61,8.07,0.0,0.0,0.0,9,Thursday
UberX,2024-01-04 10:14:00,0:29:41,23.2,1017,1118,31.54,7.89,1.66,21.99,0.0,0.0,0.0,10,Thursday
UberX,2024-01-04 10:48:00,0:25:35,15.56,1118,1017,28.93,7.16,2.22,20.55,5.67,1.0,0.0,10,Thursday
UberX,2024-01-04 11:28:00,0:12:42,3.58,1017,1012,13.48,3.37,0.71,9.4,0.0,0.0,0.0,11,Thursday
UberX,2024-01-04 11:47:00,0:11:30,3.42,1011,1012,12.26,3.07,0.64,8.55,0.0,0.0,0.0,11,Thursday
UberX,2024-01-04 12:06:00,0:10:46,3.25,1012,1011,11.13,2.78,0.58,7.77,0.0,0.0,0.0,12,Thursday
UberX,2024-01-04 14:23:00,0:12:50,7.68,1025,1097,17.87,4.47,0.94,12.46,0.0,0.0,0.0,14,Thursday
UberX,2024-01-04 14:55:00,0:09:16,2.55,1097,1072,11.15,2.79,0.59,7.77,0.0,0.0,0.0,14,Thursday
UberX,2024-01-04 15:12:00,0:22:31,4.62,1071,1012,16.42,4.11,0.86,11.45,0.0,0.0,0.0,15,Thursday
UberX,2024-01-04 16:02:00,0:00:00,0.0,1011,1011,9.0,2.25,0.47,6.28,0.0,0.0,0.0,16,Thursday
UberX,2024-01-04 16:24:00,0:09:38,3.1,1018,1098,10.8,2.7,0.57,7.53,0.0,0.0,0.0,16,Thursday
UberX,2024-01-04 16:55:00,0:14:12,3.94,1091,1077,12.62,3.16,0.66,8.8,0.0,0.0,0.0,16,Thursday
Saver,2024-01-04 17:38:00,0:07:54,4.47,1183,1186,8.91,1.69,0.35,6.87,0.0,0.0,0.0,17,Thursday
UberX,2024-01-05 10:26:00,0:16:23,12.97,1187,1118,26.26,6.57,1.38,19.31,0.0,1.0,0.0,10,Friday
UberX,2024-01-05 11:14:00,0:14:26,17.77,1118,1096,27.8,6.87,2.16,18.77,5.61,0.0,0.0,11,Friday
UberX,2024-01-05 11:46:00,0:22:57,13.77,1096,1053,28.86,7.22,1.52,20.12,0.0,0.0,0.0,11,Friday
UberX,2024-01-05 12:08:00,0:10:46,2.34,1016,1071,10.72,2.68,0.56,7.48,0.0,0.0,0.0,12,Friday
UberX,2024-01-05 12:29:00,0:15:56,5.14,1071,1012,18.23,4.56,0.96,14.71,0.0,2.0,0.0,12,Friday
UberX,2024-01-05 12:49:00,0:15:13,4.2,1016,1075,17.76,4.44,0.93,12.39,0.0,0.0,0.0,12,Friday
UberX,2024-01-05 13:04:00,0:11:10,3.24,1076,1054,12.79,3.2,0.67,8.92,0.0,0.0,0.0,13,Friday
UberX,2024-01-05 13:27:00,0:06:58,1.5,1071,1054,11.19,2.8,0.59,7.8,0.0,0.0,0.0,13,Friday
UberX,2024-01-05 13:39:00,0:07:41,2.06,1054,1052,9.87,2.47,0.52,6.88,0.0,0.0,0.0,13,Friday
UberX,2024-01-05 16:04:00,0:14:35,3.98,1012,1019,16.52,4.13,0.87,11.52,0.0,0.0,0.0,16,Friday
UberX,2024-01-05 16:45:00,0:14:29,5.35,1015,1019,16.42,4.11,0.86,11.45,0.0,0.0,0.0,16,Friday
UberX,2024-01-05 17:04:00,0:21:01,24.28,1019,1118,41.86,10.47,2.2,31.19,2.2,0.0,0.0,17,Friday
UberX,2024-01-05 17:47:00,0:18:43,13.66,1118,1053,25.19,6.22,2.03,16.94,5.48,0.0,0.0,17,Friday
Saver,2024-01-05 18:33:00,0:13:29,3.56,1054,1083,11.03,2.1,0.44,8.49,0.0,0.0,0.0,18,Friday
Saver,2024-01-06 10:39:00,0:27:11,21.73,1185,1012,33.22,6.31,1.33,26.58,0.0,1.0,0.0,10,Saturday
UberX,2024-01-06 11:15:00,0:15:42,7.24,1012,1031,16.4,4.1,0.86,11.44,0.0,0.0,0.0,11,Saturday
UberX,2024-01-06 11:50:00,0:16:00,7.37,1031,1011,20.46,5.12,1.08,14.26,0.0,0.0,0.0,11,Saturday
UberX,2024-01-06 12:10:00,0:15:02,4.59,1012,1054,15.68,3.92,0.82,10.94,0.0,0.0,0.0,12,Saturday
UberX,2024-01-06 12:34:00,0:32:12,16.34,1054,1118,36.39,9.1,1.91,25.38,0.0,0.0,0.0,12,Saturday
UberX,2024-01-06 14:39:00,0:16:38,19.58,1118,1102,31.8,7.87,1.65,21.56,5.48,0.0,0.0,14,Saturday
Saver,2024-01-06 16:53:00,0:07:11,2.25,1112,1111,8.5,1.62,0.34,6.54,0.0,0.0,0.0,16,Saturday
Saver,2024-01-06 17:30:00,0:19:57,17.19,1097,1063,26.21,4.98,1.05,20.18,0.0,0.0,0.0,17,Saturday
Saver,2024-01-06 17:57:00,0:17:31,6.15,1046,1068,14.3,2.72,0.57,11.01,0.0,0.0,0.0,17,Saturday
Saver,2024-01-06 18:47:00,0:11:04,3.97,1065,1071,13.44,2.55,0.54,10.35,0.0,0.0,0.0,18,Saturday
UberX,2024-01-06 19:03:00,0:19:15,7.3,1071,1013,20.12,5.03,1.06,24.03,0.0,10.0,0.0,19,Saturday
UberX,2024-01-06 19:30:00,0:17:55,5.97,1013,1017,16.9,4.23,0.89,11.78,0.0,0.0,0.0,19,Saturday
Saver,2024-01-06 19:59:00,0:12:55,7.45,1077,1186,15.34,2.91,0.61,11.82,0.0,0.0,0.0,19,Saturday
Saver,2024-01-23 07:50:00,0:16:50,14.36,1186,1112,17.83,3.39,0.71,13.73,0.0,0.0,0.0,7,Tuesday
UberX,2024-01-23 08:19:00,0:08:04,5.41,1102,1097,12.54,3.14,0.66,8.74,0.0,0.0,0.0,8,Tuesday
UberX,2024-01-23 08:31:00,0:20:13,14.68,1091,1061,26.29,6.57,1.38,18.34,0.0,0.0,0.0,8,Tuesday
UberX,2024-01-23 08:59:00,0:12:56,13.51,1056,1118,24.79,6.2,1.3,17.29,0.0,0.0,0.0,8,Tuesday
UberX,2024-01-23 09:50:00,0:12:41,10.37,1118,1059,20.67,5.09,1.79,13.79,0.0,0.0,0.0,9,Tuesday
UberX,2024-01-23 10:14:00,0:08:22,3.1,1065,1075,10.06,2.52,0.53,7.01,0.0,0.0,0.0,10,Tuesday
UberX,2024-01-23 10:44:00,0:15:11,4.59,1075,1017,13.97,3.49,0.73,9.75,0.0,0.0,0.0,10,Tuesday
UberX,2024-01-23 11:49:00,0:15:25,3.31,1012,1071,10.34,2.59,0.54,9.21,0.0,2.0,0.0,11,Tuesday
UberX,2024-01-23 15:20:00,0:09:38,3.12,1183,1077,9.0,2.25,0.47,6.28,0.0,0.0,0.0,15,Tuesday
UberX,2024-01-23 15:36:00,0:10:37,3.35,1082,1075,10.91,2.73,0.57,7.61,0.0,0.0,0.0,15,Tuesday
UberX,2024-01-23 15:51:00,0:21:13,6.92,1075,1093,18.91,4.73,0.99,13.19,0.0,0.0,0.0,15,Tuesday
UberX,2024-01-23 16:41:00,0:12:08,3.9,1098,1079,12.41,3.1,0.65,8.66,0.0,0.0,0.0,16,Tuesday
UberX,2024-01-23 17:08:00,0:30:11,7.64,1079,1012,19.93,4.98,0,19.95,0.0,0.0,5.0,17,Tuesday
UberX,2024-01-23 17:52:00,0:12:26,2.45,1016,1012,14.21,3.55,0.3,15.96,0.0,0.0,5.0,17,Tuesday
UberX,2024-01-23 18:05:00,0:24:10,8.98,1012,1033,22.86,5.72,0.15,21.99,0.0,0.0,5.0,18,Tuesday
UberX,2024-01-23 18:35:00,0:14:12,6.96,1032,1091,18.12,4.53,0.95,12.64,0.0,0.0,0.0,18,Tuesday
UberX,2024-01-23 19:00:00,0:15:06,10.15,1091,1105,21.74,5.44,1.14,15.16,0.0,0.0,0.0,19,Tuesday
UberX,2024-01-24 08:08:00,0:22:37,9.88,1188,1096,20.58,5.15,1.08,14.35,0.0,0.0,0.0,8,Wednesday
UberX,2024-01-24 08:39:00,0:16:41,3.16,1079,1082,15.48,3.87,0.24,16.85,0.0,0.0,5.0,8,Wednesday
UberX,2024-01-24 09:09:00,0:15:41,13.55,1082,1118,27.09,6.77,1.42,18.9,0.0,0.0,0.0,9,Wednesday
UberX,2024-01-24 09:34:00,0:17:21,16.52,1118,1052,28.99,7.17,2.23,19.59,5.68,0.0,0.0,9,Wednesday
UberX,2024-01-24 10:09:00,0:16:21,6.46,1015,1093,16.06,4.02,0.84,11.2,0.0,0.0,0.0,10,Wednesday
UberX,2024-01-24 10:25:00,0:14:37,5.47,1093,1083,15.58,3.9,0.82,10.86,0.0,0.0,0.0,10,Wednesday
UberX,2024-01-24 11:08:00,0:05:24,2.26,1078,1083,9.5,2.38,0.5,6.62,0.0,0.0,0.0,11,Wednesday
UberX,2024-01-24 12:06:00,0:14:12,15.05,1083,1118,26.13,6.53,1.37,18.23,0.0,0.0,0.0,12,Wednesday
UberX,2024-01-24 14:32:00,0:13:46,12.55,1118,1075,22.47,5.54,1.88,15.05,5.33,0.0,0.0,14,Wednesday
Saver,2024-01-24 15:15:00,0:14:30,2.71,1054,1071,9.04,1.72,0.36,6.96,0.0,0.0,0.0,15,Wednesday
Saver,2024-01-24 15:35:00,0:18:06,7.55,1077,1043,18.08,3.44,0.72,13.92,0.0,0.0,0.0,15,Wednesday
UberX,2024-01-24 16:02:00,0:21:56,6.66,1043,1012,17.27,4.32,0.91,15.04,0.0,3.0,0.0,16,Wednesday
UberX,2024-01-24 16:49:00,0:16:12,6.25,1012,1014,14.11,3.53,0.74,9.84,0.0,0.0,0.0,16,Wednesday
UberX,2024-01-24 17:09:00,0:09:27,4.06,1014,1057,11.76,2.94,0.43,14.25,0.0,0.0,5.0,17,Wednesday
UberX,2024-01-24 17:27:00,0:03:10,1.0,1061,1061,9.0,2.25,0.58,12.33,0.0,0.0,5.0,17,Wednesday
UberX,2024-01-24 17:49:00,0:06:34,2.23,1061,1057,9.0,2.25,0.47,11.28,0.0,5.0,0.0,17,Wednesday
Saver,2024-01-24 18:14:00,0:24:08,11.02,1071,1104,20.89,3.97,0.22,22.14,0.0,0.0,5.0,18,Wednesday
UberX,2024-01-25 08:04:00,0:16:09,8.44,1186,1102,20.08,5.02,1.05,14.01,0.0,0.0,0.0,8,Thursday
UberX,2024-01-25 08:41:00,0:12:41,8.88,1104,1093,19.37,4.84,1.02,13.51,0.0,0.0,0.0,8,Thursday
UberX,2024-01-25 08:44:00,0:12:20,3.93,1095,1011,10.91,2.73,0.48,15.66,0.0,2.0,5.0,8,Thursday
UberX,2024-01-25 09:17:00,0:16:44,3.07,1011,1071,12.1,3.03,0.64,8.43,0.0,0.0,0.0,9,Thursday
UberX,2024-01-25 09:40:00,0:09:15,3.31,1054,1082,11.98,3.0,0.63,8.35,0.0,0.0,0.0,9,Thursday
Saver,2024-01-25 10:25:00,0:16:11,9.38,1013,1064,16.39,3.11,0.65,12.63,0.0,0.0,0.0,10,Thursday
UberX,2024-01-25 11:00:00,0:12:42,4.92,1061,1076,16.42,4.11,0.86,11.45,0.0,0.0,0.0,11,Thursday
Saver,2024-01-25 11:46:00,0:20:32,5.24,1076,1016,13.54,2.57,0.54,10.43,0.0,0.0,0.0,11,Thursday
Saver,2024-01-25 13:35:00,0:08:00,3.77,1083,1181,9.91,1.88,0.39,7.64,0.0,0.0,0.0,13,Thursday
UberX,2024-01-25 14:28:00,0:14:56,7.2,1185,1076,17.1,4.28,0.9,11.92,0.0,0.0,0.0,14,Thursday
UberX,2024-01-25 14:54:00,0:09:08,2.98,1075,1077,9.6,2.4,0.5,6.7,0.0,0.0,0.0,14,Thursday
UberX,2024-01-25 15:10:00,0:14:43,3.27,1082,1071,12.13,3.03,0.64,8.46,0.0,0.0,0.0,15,Thursday
UberX,2024-01-25 15:45:00,0:19:38,3.91,1071,1012,19.55,4.89,1.03,18.63,0.0,5.0,0.0,15,Thursday
UberX,2024-01-25 16:07:00,0:00:00,0.0,1012,1012,9.0,2.25,0.47,6.28,0.0,0.0,0.0,16,Thursday
UberX,2024-01-25 16:21:00,0:20:08,5.53,1012,1054,16.81,4.2,0.88,11.73,0.0,0.0,0.0,16,Thursday
UberX,2024-01-25 16:57:00,0:19:03,4.81,1016,1079,15.46,3.87,0.81,10.78,0.0,0.0,0.0,16,Thursday
UberX,2024-01-25 17:25:00,0:16:06,6.12,1096,1012,17.54,4.39,0.13,19.28,0.0,1.0,5.0,17,Thursday
Saver,2024-01-25 18:08:00,0:15:18,4.53,1018,1015,12.87,2.45,0.54,16.96,0.0,1.0,5.0,18,Thursday
UberX,2024-01-25 18:35:00,0:20:24,5.54,1016,1082,17.89,4.47,0.11,20.53,0.0,2.0,5.0,18,Thursday
UberX,2024-01-25 18:58:00,0:05:11,1.99,1082,1082,11.3,2.83,0.46,13.93,0.0,0.0,5.0,18,Thursday
UberX,2024-01-26 08:07:00,0:13:24,8.3,1186,1081,20.36,5.09,1.07,14.2,0.0,0.0,0.0,8,Friday
UberX,2024-01-26 08:41:00,0:20:02,5.46,1082,1053,21.98,5.5,0.11,21.37,0.0,0.0,5.0,8,Friday
UberX,2024-01-26 09:08:00,0:12:32,4.98,1017,1059,16.09,4.02,0.84,11.23,0.0,0.0,0.0,9,Friday
UberX,2024-01-26 09:32:00,0:10:39,4.72,1059,1082,15.25,3.81,3.81,10.64,0.0,0.0,0.0,9,Friday
UberX,2024-01-26 09:48:00,0:06:11,1.89,1077,1071,9.5,2.38,0.5,6.62,0.0,0.0,0.0,9,Friday
UberX,2024-01-26 10:20:00,0:11:35,3.88,1071,1092,14.95,3.74,0.79,10.42,0.0,0.0,0.0,10,Friday
UberX,2024-01-26 10:34:00,0:09:27,2.83,1091,1071,12.51,3.13,0.66,8.72,0.0,0.0,0.0,10,Friday
UberX,2024-01-26 10:53:00,0:22:54,5.92,1071,1012,20.72,5.18,1.09,14.45,0.0,0.0,0.0,10,Friday
UberX,2024-01-26 11:56:00,0:05:24,3.35,1018,1021,11.84,2.96,0.62,8.26,0.0,0.0,0.0,11,Friday
UberX,2024-01-26 14:12:00,0:18:32,7.32,1021,1071,22.92,5.73,1.2,15.99,0.0,0.0,0.0,14,Friday
UberX,2024-01-26 14:41:00,0:10:34,2.17,1071,1016,11.42,2.86,0.6,7.96,0.0,0.0,0.0,14,Friday
UberX,2024-01-26 15:03:00,0:17:56,5.48,1017,1081,20.33,5.08,1.07,14.18,0.0,0.0,0.0,15,Friday
UberX,2024-01-26 15:28:00,0:27:46,7.69,1077,1012,24.28,6.07,1.27,16.94,0.0,0.0,0.0,15,Friday
UberX,2024-01-26 16:04:00,0:18:58,4.02,1017,1016,17.44,4.36,0.13,18.21,0.0,0.0,5.0,16,Friday
UberX,2024-01-26 17:01:00,0:22:40,6.65,1015,1079,22.3,5.58,0.12,25.6,0.0,4.0,5.0,17,Friday
Saver,2024-01-26 17:28:00,0:08:21,2.47,1078,1098,9.8,1.86,0.66,13.6,0.0,0.0,5.0,17,Friday
UberX,2024-01-26 17:45:00,0:18:02,4.8,1097,1017,16.64,4.16,0.18,17.66,0.0,0.0,5.0,17,Friday
UberX,2024-01-26 18:13:00,0:11:44,2.69,1017,1015,12.49,3.12,0.39,14.76,0.0,0.0,5.0,18,Friday
UberX,2024-01-26 18:34:00,0:14:08,5.26,1013,1018,16.38,4.1,0.19,19.47,0.0,2.0,5.0,18,Friday
UberX,2024-01-26 19:05:00,0:13:47,2.66,1073,1016,12.81,3.2,0.38,14.99,0.0,0.0,5.0,19,Friday
Saver,2024-01-26 19:42:00,0:08:01,2.23,1015,1016,8.5,1.62,0.71,12.59,0.0,0.0,5.0,19,Friday
Saver,2024-01-26 20:16:00,0:12:50,8.58,1083,1187,16.36,3.11,0.65,13.6,0.0,1.0,0.0,20,Friday
UberX,2024-01-27 10:07:00,0:23:57,18.33,1185,1013,32.59,8.15,1.71,22.73,0.0,0.0,0.0,10,Saturday
UberX,2024-01-27 10:58:00,0:18:03,7.58,1066,1016,20.54,5.14,1.08,14.32,0.0,0.0,0.0,10,Saturday
UberX,2024-01-27 12:30:00,0:10:04,2.91,1056,1054,12.01,3.0,0.63,8.38,0.0,0.0,0.0,12,Saturday
UberX,2024-01-27 12:48:00,0:15:32,4.69,1053,1011,17.4,4.35,0.91,13.14,0.0,1.0,0.0,12,Saturday
UberX,2024-01-27 13:12:00,0:14:39,5.45,1011,1014,16.55,4.14,0.87,11.54,0.0,0.0,0.0,13,Saturday
Saver,2024-01-27 14:34:00,0:10:46,3.28,1051,1017,11.08,2.11,0.44,8.53,0.0,0.0,0.0,14,Saturday
UberX,2024-01-27 14:48:00,0:10:14,1.96,1017,1015,11.74,2.94,0.62,8.18,0.0,0.0,0.0,14,Saturday
UberX,2024-01-27 15:06:00,0:14:19,4.26,1016,1092,17.41,4.35,4.35,17.15,0.0,5.0,0.0,15,Saturday
UberX,2024-01-27 15:33:00,0:28:32,9.33,1094,1056,27.82,6.96,1.46,19.4,0.0,0.0,0.0,15,Saturday
UberX,2024-01-27 16:45:00,0:20:51,15.52,1056,1093,30.99,7.75,0.58,27.66,0.0,0.0,5.0,16,Saturday
UberX,2024-01-27 17:19:00,0:18:53,4.65,1018,1012,18.08,4.52,0.1,18.66,0.0,0.0,5.0,17,Saturday
UberX,2024-01-27 17:45:00,0:15:25,4.67,1012,1011,18.15,4.54,0.1,19.71,0.0,1.0,5.0,17,Saturday
UberX,2024-01-27 18:07:00,0:18:38,5.22,1019,1017,18.28,4.57,0.09,18.8,0.0,0.0,5.0,18,Saturday
Saver,2024-01-27 18:38:00,0:11:54,2.8,1054,1017,10.34,1.96,0.64,14.02,0.0,0.0,5.0,18,Saturday
Saver,2024-01-27 19:05:00,0:05:05,2.32,1072,1093,8.54,1.62,0.71,12.63,0.0,0.0,5.0,19,Saturday
UberX,2024-01-27 19:21:00,0:14:09,4.39,1092,1016,14.33,3.58,0.3,16.05,0.0,0.0,5.0,19,Saturday
UberX,2024-01-27 19:47:00,0:13:05,3.44,1016,1074,11.97,2.99,0.42,14.4,0.0,0.0,5.0,19,Saturday
UberX,2024-01-27 20:08:00,0:11:39,3.54,1078,1017,13.94,3.49,0.73,9.72,0.0,0.0,0.0,20,Saturday
UberX,2024-01-27 20:38:00,0:04:29,1.33,1016,1053,9.5,2.38,0.5,6.62,0.0,0.0,0.0,20,Saturday
UberX,2024-01-27 20:57:00,0:15:03,6.33,1053,1067,19.33,4.83,1.01,13.49,0.0,0.0,0.0,20,Saturday
Saver,2024-01-27 21:25:00,0:25:10,18.38,1064,1072,31.6,6.0,1.26,24.34,0.0,0.0,0.0,21,Saturday
Saver,2024-01-30 07:30:00,0:00:00,0.0,1186,1186,8.0,1.52,0.32,6.16,0.0,0.0,0.0,7,Tuesday
UberX,2024-01-30 07:49:00,0:11:55,10.21,1186,1101,19.71,4.93,1.04,13.74,0.0,0.0,0.0,7,Tuesday
UberX,2024-01-30 08:05:00,0:22:10,10.93,1104,1075,25.68,6.42,1.35,19.91,0.0,2.0,0.0,8,Tuesday
UberX,2024-01-30 08:37:00,0:09:05,2.96,1071,1082,10.57,2.64,0.39,12.82,0.0,0.0,4.5,8,Tuesday
UberX,2024-01-30 08:50:00,0:22:43,14.39,1082,1022,32.72,8.18,0.77,28.27,0.0,0.0,4.5,8,Tuesday
Saver,2024-01-30 09:18:00,0:31:58,12.47,1031,1043,22.2,4.22,0.89,17.09,0.0,0.0,0.0,9,Tuesday
UberX,2024-01-30 10:36:00,0:08:37,3.11,1043,1051,9.7,2.43,0.51,6.76,0.0,0.0,0.0,10,Tuesday
Saver,2024-01-30 11:00:00,0:11:37,6.38,1051,1062,13.03,2.48,0.52,10.03,0.0,0.0,0.0,11,Tuesday
Saver,2024-01-30 11:19:00,0:11:49,8.1,1065,1013,14.92,2.83,0.59,11.5,0.0,0.0,0.0,11,Tuesday
UberX,2024-01-30 12:39:00,0:15:47,16.25,1055,1112,26.72,6.68,1.4,18.64,0.0,0.0,0.0,12,Tuesday
UberX,2024-01-30 15:20:00,0:17:50,16.57,1112,1055,30.33,7.58,1.59,21.16,0.0,0.0,0.0,15,Tuesday
Saver,2024-01-30 15:45:00,0:09:29,4.75,1055,1058,11.28,2.14,0.45,8.69,0.0,0.0,0.0,15,Tuesday
UberX,2024-01-30 16:03:00,0:21:10,12.03,1058,1118,23.33,5.83,1.22,16.28,0.0,0.0,0.0,16,Tuesday
UberX,2024-01-30 16:26:00,0:41:29,10.94,1118,1058,23.98,5.92,1.96,16.1,5.41,0.0,0.0,16,Tuesday
UberX,2024-01-30 17:14:00,0:14:49,1.96,1058,1076,9.02,2.26,0.47,11.73,0.0,0.0,4.5,17,Tuesday
UberX,2024-01-30 17:30:00,0:35:47,5.7,1077,1015,18.02,4.51,0,18.01,0.0,0.0,4.5,17,Tuesday
UberX,2024-01-30 18:14:00,0:14:42,4.46,1016,1078,16.62,4.16,0.07,17.03,0.0,0.0,4.5,18,Tuesday
UberX,2024-01-30 18:38:00,0:16:02,7.71,1082,1186,19.62,4.91,0.09,19.12,0.0,0.0,4.5,18,Tuesday
UberX,2024-01-31 07:39:00,0:13:11,11.08,1188,1105,23.71,5.93,1.25,16.53,0.0,0.0,0.0,7,Wednesday
Saver,2024-01-31 08:08:00,0:18:10,11.41,1105,1092,19.13,3.63,0.76,14.74,0.0,0.0,0.0,8,Wednesday
UberX,2024-01-31 08:31:00,0:17:06,5.63,1018,1077,19.11,4.78,0.06,18.77,0.0,0.0,4.5,8,Wednesday
UberX,2024-01-31 09:00:00,0:12:39,10.98,1076,1182,20.81,5.2,1.09,14.52,0.0,0.0,0.0,9,Wednesday
UberX,2024-01-31 09:33:00,0:10:50,12.0,1118,1054,21.87,5.39,1.85,14.63,0.0,0.0,0.0,9,Wednesday
UberX,2024-01-31 10:10:00,0:16:14,3.47,1053,1015,10.69,2.67,0.56,7.46,0.0,0.0,0.0,10,Wednesday
UberX,2024-01-31 11:25:00,0:25:57,6.74,1015,1083,19.34,4.84,1.02,13.48,0.0,0.0,0.0,11,Wednesday
UberX,2024-01-31 13:24:00,0:19:24,5.53,1083,1017,14.25,3.56,0.75,9.94,0.0,0.0,0.0,13,Wednesday
UberX,2024-01-31 14:08:00,0:16:57,5.06,1017,1011,11.57,2.89,0.61,8.07,0.0,0.0,0.0,14,Wednesday
UberX,2024-01-31 15:01:00,0:11:59,3.92,1012,1092,13.01,3.25,0.68,11.08,0.0,2.0,0.0,15,Wednesday
UberX,2024-01-31 15:30:00,0:21:07,21.16,1018,1118,35.27,8.82,1.85,24.6,0.0,0.0,0.0,15,Wednesday
UberX,2024-01-31 15:56:00,0:29:07,16.1,1118,1051,31.69,7.85,2.37,21.47,5.82,0.0,0.0,15,Wednesday
UberX,2024-01-31 16:46:00,0:12:24,6.2,1051,1046,16.09,4.02,0.84,13.23,0.0,2.0,0.0,16,Wednesday
UberX,2024-01-31 17:14:00,0:12:40,5.85,1044,1051,16.02,4.01,0.84,11.17,0.0,0.0,0.0,17,Wednesday
Saver,2024-01-31 17:41:00,0:14:47,2.91,1051,1012,9.05,1.72,0.58,12.41,0.0,0.0,4.5,17,Wednesday
UberX,2024-01-31 18:14:00,0:19:43,15.91,1071,1118,28.94,7.24,0.58,27.62,0.0,2.0,4.5,18,Wednesday
